id,Season,team1,team2,winner,venue,player_of_match
1,IPL-2017,Sunrisers Hyderabad,Royal Challengers Bangalore,Sunrisers Hyderabad,"Rajiv Gandhi International Stadium, Uppal",Yuvraj Singh
2,IPL-2017,Mumbai Indians,Rising Pune Supergiant,Rising Pune Supergiant,Maharashtra Cricket Association Stadium,SPD Smith
3,IPL-2017,Gujarat Lions,Kolkata Knight Riders,Kolkata Knight Riders,Saurashtra Cricket Association Stadium,CA Lynn
4,IPL-2017,Rising Pune Supergiant,Kings XI Punjab,Kings XI Punjab,Holkar Cricket Stadium,GJ Maxwell
5,IPL-2017,Royal Challengers Bangalore,Delhi Daredevils,Royal Challengers Bangalore,M Chinnaswamy Stadium,KM Jadhav
6,IPL-2017,Gujarat Lions,Sunrisers Hyderabad,Sunrisers Hyderabad,"Rajiv Gandhi International Stadium, Uppal",Rashid Khan
7,IPL-2017,Kolkata Knight Riders,Mumbai Indians,Mumbai Indians,Wankhede Stadium,N Rana
8,IPL-2017,Royal Challengers Bangalore,Kings XI Punjab,Kings XI Punjab,Holkar Cricket Stadium,AR Patel
9,IPL-2017,Delhi Daredevils,Rising Pune Supergiant,Delhi Daredevils,Maharashtra Cricket Association Stadium,SV Samson
10,IPL-2017,Sunrisers Hyderabad,Mumbai Indians,Mumbai Indians,Wankhede Stadium,JJ Bumrah
11,IPL-2017,Kings XI Punjab,Kolkata Knight Riders,Kolkata Knight Riders,Eden Gardens,SP Narine
12,IPL-2017,Royal Challengers Bangalore,Mumbai Indians,Mumbai Indians,M Chinnaswamy Stadium,KA Pollard
13,IPL-2017,Rising Pune Supergiant,Gujarat Lions,Gujarat Lions,Saurashtra Cricket Association Stadium,AJ Tye
14,IPL-2017,Kolkata Knight Riders,Sunrisers Hyderabad,Kolkata Knight Riders,Eden Gardens,RV Uthappa
15,IPL-2017,Delhi Daredevils,Kings XI Punjab,Delhi Daredevils,Feroz Shah Kotla,CJ Anderson
16,IPL-2017,Gujarat Lions,Mumbai Indians,Mumbai Indians,Wankhede Stadium,N Rana
17,IPL-2017,Rising Pune Supergiant,Royal Challengers Bangalore,Rising Pune Supergiant,M Chinnaswamy Stadium,BA Stokes
18,IPL-2017,Delhi Daredevils,Kolkata Knight Riders,Kolkata Knight Riders,Feroz Shah Kotla,NM Coulter-Nile
19,IPL-2017,Sunrisers Hyderabad,Kings XI Punjab,Sunrisers Hyderabad,"Rajiv Gandhi International Stadium, Uppal",B Kumar
20,IPL-2017,Royal Challengers Bangalore,Gujarat Lions,Royal Challengers Bangalore,Saurashtra Cricket Association Stadium,CH Gayle
21,IPL-2017,Sunrisers Hyderabad,Delhi Daredevils,Sunrisers Hyderabad,"Rajiv Gandhi International Stadium, Uppal",KS Williamson
22,IPL-2017,Kings XI Punjab,Mumbai Indians,Mumbai Indians,Holkar Cricket Stadium,JC Buttler
23,IPL-2017,Kolkata Knight Riders,Gujarat Lions,Gujarat Lions,Eden Gardens,SK Raina
24,IPL-2017,Mumbai Indians,Delhi Daredevils,Mumbai Indians,Wankhede Stadium,MJ McClenaghan
25,IPL-2017,Sunrisers Hyderabad,Rising Pune Supergiant,Rising Pune Supergiant,Maharashtra Cricket Association Stadium,MS Dhoni
26,IPL-2017,Kings XI Punjab,Gujarat Lions,Kings XI Punjab,Saurashtra Cricket Association Stadium,HM Amla
27,IPL-2017,Kolkata Knight Riders,Royal Challengers Bangalore,Kolkata Knight Riders,Eden Gardens,NM Coulter-Nile
28,IPL-2017,Rising Pune Supergiant,Mumbai Indians,Rising Pune Supergiant,Wankhede Stadium,BA Stokes
29,IPL-2017,Rising Pune Supergiant,Kolkata Knight Riders,Kolkata Knight Riders,Maharashtra Cricket Association Stadium,RV Uthappa
30,IPL-2017,Royal Challengers Bangalore,Gujarat Lions,Gujarat Lions,M Chinnaswamy Stadium,AJ Tye
31,IPL-2017,Delhi Daredevils,Kolkata Knight Riders,Kolkata Knight Riders,Eden Gardens,G Gambhir
32,IPL-2017,Sunrisers Hyderabad,Kings XI Punjab,Sunrisers Hyderabad,"Punjab Cricket Association IS Bindra Stadium, Mohali",Rashid Khan
33,IPL-2017,Rising Pune Supergiant,Royal Challengers Bangalore,Rising Pune Supergiant,Maharashtra Cricket Association Stadium,LH Ferguson
34,IPL-2017,Gujarat Lions,Mumbai Indians,Mumbai Indians,Saurashtra Cricket Association Stadium,KH Pandya
35,IPL-2017,Delhi Daredevils,Kings XI Punjab,Kings XI Punjab,"Punjab Cricket Association IS Bindra Stadium, Mohali",Sandeep Sharma
36,IPL-2017,Sunrisers Hyderabad,Kolkata Knight Riders,Sunrisers Hyderabad,"Rajiv Gandhi International Stadium, Uppal",DA Warner
37,IPL-2017,Royal Challengers Bangalore,Mumbai Indians,Mumbai Indians,Wankhede Stadium,RG Sharma
38,IPL-2017,Gujarat Lions,Rising Pune Supergiant,Rising Pune Supergiant,Maharashtra Cricket Association Stadium,BA Stokes
39,IPL-2017,Sunrisers Hyderabad,Delhi Daredevils,Delhi Daredevils,Feroz Shah Kotla,Mohammed Shami
40,IPL-2017,Kolkata Knight Riders,Rising Pune Supergiant,Rising Pune Supergiant,Eden Gardens,RA Tripathi
41,IPL-2017,Gujarat Lions,Delhi Daredevils,Delhi Daredevils,Feroz Shah Kotla,RR Pant
42,IPL-2017,Kings XI Punjab,Royal Challengers Bangalore,Kings XI Punjab,M Chinnaswamy Stadium,Sandeep Sharma
43,IPL-2017,Rising Pune Supergiant,Sunrisers Hyderabad,Rising Pune Supergiant,"Rajiv Gandhi International Stadium, Uppal",JD Unadkat
44,IPL-2017,Mumbai Indians,Delhi Daredevils,Mumbai Indians,Feroz Shah Kotla,LMP Simmons
45,IPL-2017,Royal Challengers Bangalore,Kolkata Knight Riders,Kolkata Knight Riders,M Chinnaswamy Stadium,SP Narine
46,IPL-2017,Kings XI Punjab,Gujarat Lions,Gujarat Lions,"Punjab Cricket Association IS Bindra Stadium, Mohali",DR Smith
47,IPL-2017,Mumbai Indians,Sunrisers Hyderabad,Sunrisers Hyderabad,"Rajiv Gandhi International Stadium, Uppal",S Dhawan
48,IPL-2017,Kings XI Punjab,Kolkata Knight Riders,Kings XI Punjab,"Punjab Cricket Association IS Bindra Stadium, Mohali",MM Sharma
49,IPL-2017,Gujarat Lions,Delhi Daredevils,Delhi Daredevils,Green Park,SS Iyer
50,IPL-2017,Kings XI Punjab,Mumbai Indians,Kings XI Punjab,Wankhede Stadium,WP Saha
51,IPL-2017,Delhi Daredevils,Rising Pune Supergiant,Delhi Daredevils,Feroz Shah Kotla,KK Nair
52,IPL-2017,Gujarat Lions,Sunrisers Hyderabad,Sunrisers Hyderabad,Green Park,Mohammed Siraj
53,IPL-2017,Mumbai Indians,Kolkata Knight Riders,Mumbai Indians,Eden Gardens,AT Rayudu
54,IPL-2017,Kings XI Punjab,Rising Pune Supergiant,Rising Pune Supergiant,Maharashtra Cricket Association Stadium,JD Unadkat
55,IPL-2017,Royal Challengers Bangalore,Delhi Daredevils,Royal Challengers Bangalore,Feroz Shah Kotla,HV Patel
56,IPL-2017,Rising Pune Supergiant,Mumbai Indians,Rising Pune Supergiant,Wankhede Stadium,Washington Sundar
57,IPL-2017,Sunrisers Hyderabad,Kolkata Knight Riders,Kolkata Knight Riders,M Chinnaswamy Stadium,NM Coulter-Nile
58,IPL-2017,Kolkata Knight Riders,Mumbai Indians,Mumbai Indians,M Chinnaswamy Stadium,KV Sharma
59,IPL-2017,Mumbai Indians,Rising Pune Supergiant,Mumbai Indians,"Rajiv Gandhi International Stadium, Uppal",KH Pandya
60,IPL-2008,Kolkata Knight Riders,Royal Challengers Bangalore,Kolkata Knight Riders,M Chinnaswamy Stadium,BB McCullum
61,IPL-2008,Chennai Super Kings,Kings XI Punjab,Chennai Super Kings,"Punjab Cricket Association Stadium, Mohali",MEK Hussey
62,IPL-2008,Rajasthan Royals,Delhi Daredevils,Delhi Daredevils,Feroz Shah Kotla,MF Maharoof
63,IPL-2008,Mumbai Indians,Royal Challengers Bangalore,Royal Challengers Bangalore,Wankhede Stadium,MV Boucher
64,IPL-2008,Deccan Chargers,Kolkata Knight Riders,Kolkata Knight Riders,Eden Gardens,DJ Hussey
65,IPL-2008,Kings XI Punjab,Rajasthan Royals,Rajasthan Royals,Sawai Mansingh Stadium,SR Watson
66,IPL-2008,Deccan Chargers,Delhi Daredevils,Delhi Daredevils,"Rajiv Gandhi International Stadium, Uppal",V Sehwag
67,IPL-2008,Chennai Super Kings,Mumbai Indians,Chennai Super Kings,"MA Chidambaram Stadium, Chepauk",ML Hayden
68,IPL-2008,Deccan Chargers,Rajasthan Royals,Rajasthan Royals,"Rajiv Gandhi International Stadium, Uppal",YK Pathan
69,IPL-2008,Kings XI Punjab,Mumbai Indians,Kings XI Punjab,"Punjab Cricket Association Stadium, Mohali",KC Sangakkara
70,IPL-2008,Royal Challengers Bangalore,Rajasthan Royals,Rajasthan Royals,M Chinnaswamy Stadium,SR Watson
71,IPL-2008,Kolkata Knight Riders,Chennai Super Kings,Chennai Super Kings,"MA Chidambaram Stadium, Chepauk",JDP Oram
72,IPL-2008,Mumbai Indians,Deccan Chargers,Deccan Chargers,Dr DY Patil Sports Academy,AC Gilchrist
73,IPL-2008,Delhi Daredevils,Kings XI Punjab,Kings XI Punjab,"Punjab Cricket Association Stadium, Mohali",SM Katich
74,IPL-2008,Chennai Super Kings,Royal Challengers Bangalore,Chennai Super Kings,M Chinnaswamy Stadium,MS Dhoni
75,IPL-2008,Kolkata Knight Riders,Mumbai Indians,Mumbai Indians,Eden Gardens,ST Jayasuriya
76,IPL-2008,Delhi Daredevils,Royal Challengers Bangalore,Delhi Daredevils,Feroz Shah Kotla,GD McGrath
77,IPL-2008,Deccan Chargers,Kings XI Punjab,Kings XI Punjab,"Rajiv Gandhi International Stadium, Uppal",SE Marsh
78,IPL-2008,Rajasthan Royals,Kolkata Knight Riders,Rajasthan Royals,Sawai Mansingh Stadium,SA Asnodkar
79,IPL-2008,Chennai Super Kings,Delhi Daredevils,Delhi Daredevils,"MA Chidambaram Stadium, Chepauk",V Sehwag
80,IPL-2008,Deccan Chargers,Royal Challengers Bangalore,Royal Challengers Bangalore,"Rajiv Gandhi International Stadium, Uppal",R Vinay Kumar
81,IPL-2008,Kings XI Punjab,Kolkata Knight Riders,Kings XI Punjab,"Punjab Cricket Association Stadium, Mohali",IK Pathan
82,IPL-2008,Mumbai Indians,Delhi Daredevils,Mumbai Indians,Dr DY Patil Sports Academy,SM Pollock
83,IPL-2008,Chennai Super Kings,Rajasthan Royals,Rajasthan Royals,Sawai Mansingh Stadium,Sohail Tanvir
84,IPL-2008,Royal Challengers Bangalore,Kings XI Punjab,Kings XI Punjab,M Chinnaswamy Stadium,S Sreesanth
85,IPL-2008,Chennai Super Kings,Deccan Chargers,Deccan Chargers,"MA Chidambaram Stadium, Chepauk",AC Gilchrist
86,IPL-2008,Rajasthan Royals,Mumbai Indians,Mumbai Indians,Dr DY Patil Sports Academy,A Nehra
87,IPL-2008,Delhi Daredevils,Chennai Super Kings,Chennai Super Kings,Feroz Shah Kotla,MS Dhoni
88,IPL-2008,Kolkata Knight Riders,Royal Challengers Bangalore,Kolkata Knight Riders,Eden Gardens,SC Ganguly
89,IPL-2008,Deccan Chargers,Rajasthan Royals,Rajasthan Royals,Sawai Mansingh Stadium,YK Pathan
90,IPL-2008,Royal Challengers Bangalore,Mumbai Indians,Mumbai Indians,M Chinnaswamy Stadium,CRD Fernando
91,IPL-2008,Chennai Super Kings,Kings XI Punjab,Chennai Super Kings,"MA Chidambaram Stadium, Chepauk",L Balaji
92,IPL-2008,Kolkata Knight Riders,Deccan Chargers,Kolkata Knight Riders,"Rajiv Gandhi International Stadium, Uppal",SC Ganguly
93,IPL-2008,Delhi Daredevils,Rajasthan Royals,Rajasthan Royals,Sawai Mansingh Stadium,SR Watson
94,IPL-2008,Royal Challengers Bangalore,Kings XI Punjab,Kings XI Punjab,"Punjab Cricket Association Stadium, Mohali",SE Marsh
95,IPL-2008,Kolkata Knight Riders,Delhi Daredevils,Kolkata Knight Riders,Eden Gardens,Shoaib Akhtar
96,IPL-2008,Chennai Super Kings,Mumbai Indians,Mumbai Indians,Wankhede Stadium,ST Jayasuriya
97,IPL-2008,Kings XI Punjab,Rajasthan Royals,Kings XI Punjab,"Punjab Cricket Association Stadium, Mohali",SE Marsh
98,IPL-2008,Delhi Daredevils,Deccan Chargers,Delhi Daredevils,Feroz Shah Kotla,A Mishra
99,IPL-2008,Kolkata Knight Riders,Mumbai Indians,Mumbai Indians,Wankhede Stadium,SM Pollock
100,IPL-2008,Delhi Daredevils,Kings XI Punjab,Kings XI Punjab,Feroz Shah Kotla,DPMD Jayawardene
101,IPL-2008,Rajasthan Royals,Royal Challengers Bangalore,Rajasthan Royals,Sawai Mansingh Stadium,GC Smith
102,IPL-2008,Mumbai Indians,Deccan Chargers,Mumbai Indians,"Rajiv Gandhi International Stadium, Uppal",DJ Bravo
103,IPL-2008,Kolkata Knight Riders,Chennai Super Kings,Chennai Super Kings,Eden Gardens,M Ntini
104,IPL-2008,Royal Challengers Bangalore,Delhi Daredevils,Delhi Daredevils,M Chinnaswamy Stadium,SP Goswami
105,IPL-2008,Kolkata Knight Riders,Rajasthan Royals,Rajasthan Royals,Eden Gardens,YK Pathan
106,IPL-2008,Kings XI Punjab,Mumbai Indians,Kings XI Punjab,Wankhede Stadium,SE Marsh
107,IPL-2008,Royal Challengers Bangalore,Chennai Super Kings,Royal Challengers Bangalore,"MA Chidambaram Stadium, Chepauk",A Kumble
108,IPL-2008,Deccan Chargers,Kings XI Punjab,Kings XI Punjab,"Punjab Cricket Association Stadium, Mohali",SE Marsh
109,IPL-2008,Mumbai Indians,Delhi Daredevils,Delhi Daredevils,Feroz Shah Kotla,KD Karthik
110,IPL-2008,Rajasthan Royals,Chennai Super Kings,Rajasthan Royals,"MA Chidambaram Stadium, Chepauk",JA Morkel
111,IPL-2008,Royal Challengers Bangalore,Deccan Chargers,Royal Challengers Bangalore,M Chinnaswamy Stadium,P Kumar
112,IPL-2008,Kings XI Punjab,Kolkata Knight Riders,Kolkata Knight Riders,Eden Gardens,Umar Gul
113,IPL-2008,Mumbai Indians,Rajasthan Royals,Rajasthan Royals,Sawai Mansingh Stadium,Sohail Tanvir
114,IPL-2008,Deccan Chargers,Chennai Super Kings,Chennai Super Kings,"Rajiv Gandhi International Stadium, Uppal",SK Raina
115,IPL-2008,Rajasthan Royals,Delhi Daredevils,Rajasthan Royals,Wankhede Stadium,SR Watson
116,IPL-2008,Kings XI Punjab,Chennai Super Kings,Chennai Super Kings,Wankhede Stadium,M Ntini
117,IPL-2008,Chennai Super Kings,Rajasthan Royals,Rajasthan Royals,Dr DY Patil Sports Academy,YK Pathan
118,IPL-2009,Mumbai Indians,Chennai Super Kings,Mumbai Indians,Newlands,SR Tendulkar
119,IPL-2009,Royal Challengers Bangalore,Rajasthan Royals,Royal Challengers Bangalore,Newlands,R Dravid
120,IPL-2009,Kings XI Punjab,Delhi Daredevils,Delhi Daredevils,Newlands,DL Vettori
121,IPL-2009,Kolkata Knight Riders,Deccan Chargers,Deccan Chargers,Newlands,RP Singh
122,IPL-2009,Chennai Super Kings,Royal Challengers Bangalore,Chennai Super Kings,St George's Park,M Muralitharan
123,IPL-2009,Kings XI Punjab,Kolkata Knight Riders,Kolkata Knight Riders,Kingsmead,CH Gayle
124,IPL-2009,Deccan Chargers,Royal Challengers Bangalore,Deccan Chargers,Newlands,AC Gilchrist
125,IPL-2009,Delhi Daredevils,Chennai Super Kings,Delhi Daredevils,Kingsmead,AB de Villiers
126,IPL-2009,Rajasthan Royals,Kolkata Knight Riders,Rajasthan Royals,Newlands,YK Pathan
127,IPL-2009,Royal Challengers Bangalore,Kings XI Punjab,Kings XI Punjab,Kingsmead,RS Bopara
128,IPL-2009,Deccan Chargers,Mumbai Indians,Deccan Chargers,Kingsmead,PP Ojha
129,IPL-2009,Royal Challengers Bangalore,Delhi Daredevils,Delhi Daredevils,St George's Park,TM Dilshan
130,IPL-2009,Kings XI Punjab,Rajasthan Royals,Kings XI Punjab,Newlands,KC Sangakkara
131,IPL-2009,Chennai Super Kings,Deccan Chargers,Deccan Chargers,Kingsmead,HH Gibbs
132,IPL-2009,Mumbai Indians,Kolkata Knight Riders,Mumbai Indians,St George's Park,SR Tendulkar
133,IPL-2009,Delhi Daredevils,Rajasthan Royals,Rajasthan Royals,SuperSport Park,YK Pathan
134,IPL-2009,Kolkata Knight Riders,Royal Challengers Bangalore,Royal Challengers Bangalore,Kingsmead,MV Boucher
135,IPL-2009,Kings XI Punjab,Mumbai Indians,Kings XI Punjab,Kingsmead,KC Sangakkara
136,IPL-2009,Deccan Chargers,Delhi Daredevils,Delhi Daredevils,SuperSport Park,DP Nannes
137,IPL-2009,Chennai Super Kings,Rajasthan Royals,Chennai Super Kings,SuperSport Park,SK Raina
138,IPL-2009,Mumbai Indians,Kolkata Knight Riders,Mumbai Indians,Buffalo Park,JP Duminy
139,IPL-2009,Royal Challengers Bangalore,Kings XI Punjab,Royal Challengers Bangalore,Kingsmead,Yuvraj Singh
140,IPL-2009,Deccan Chargers,Rajasthan Royals,Rajasthan Royals,St George's Park,YK Pathan
141,IPL-2009,Chennai Super Kings,Delhi Daredevils,Chennai Super Kings,New Wanderers Stadium,SB Jakati
142,IPL-2009,Kolkata Knight Riders,Kings XI Punjab,Kings XI Punjab,St George's Park,DPMD Jayawardene
143,IPL-2009,Mumbai Indians,Royal Challengers Bangalore,Royal Challengers Bangalore,New Wanderers Stadium,JH Kallis
144,IPL-2009,Chennai Super Kings,Deccan Chargers,Chennai Super Kings,Buffalo Park,MS Dhoni
145,IPL-2009,Rajasthan Royals,Kings XI Punjab,Rajasthan Royals,Kingsmead,GC Smith
146,IPL-2009,Kolkata Knight Riders,Delhi Daredevils,Delhi Daredevils,Kingsmead,G Gambhir
147,IPL-2009,Deccan Chargers,Mumbai Indians,Deccan Chargers,SuperSport Park,RG Sharma
148,IPL-2009,Royal Challengers Bangalore,Rajasthan Royals,Rajasthan Royals,SuperSport Park,A Singh
149,IPL-2009,Chennai Super Kings,Kings XI Punjab,Chennai Super Kings,SuperSport Park,ML Hayden
150,IPL-2009,Mumbai Indians,Delhi Daredevils,Delhi Daredevils,Buffalo Park,A Nehra
151,IPL-2009,Deccan Chargers,Kings XI Punjab,Kings XI Punjab,De Beers Diamond Oval,DPMD Jayawardene
152,IPL-2009,Rajasthan Royals,Chennai Super Kings,Chennai Super Kings,De Beers Diamond Oval,S Badrinath
153,IPL-2009,Mumbai Indians,Royal Challengers Bangalore,Mumbai Indians,St George's Park,JP Duminy
154,IPL-2009,Kolkata Knight Riders,Delhi Daredevils,Delhi Daredevils,New Wanderers Stadium,A Mishra
155,IPL-2009,Deccan Chargers,Rajasthan Royals,Deccan Chargers,De Beers Diamond Oval,DR Smith
156,IPL-2009,Kolkata Knight Riders,Royal Challengers Bangalore,Royal Challengers Bangalore,SuperSport Park,LRPL Taylor
157,IPL-2009,Kings XI Punjab,Mumbai Indians,Mumbai Indians,SuperSport Park,Harbhajan Singh
158,IPL-2009,Delhi Daredevils,Deccan Chargers,Delhi Daredevils,Kingsmead,R Bhatia
159,IPL-2009,Chennai Super Kings,Royal Challengers Bangalore,Royal Challengers Bangalore,Kingsmead,LRPL Taylor
160,IPL-2009,Rajasthan Royals,Mumbai Indians,Rajasthan Royals,Kingsmead,SK Warne
161,IPL-2009,Delhi Daredevils,Kings XI Punjab,Kings XI Punjab,OUTsurance Oval,B Lee
162,IPL-2009,Mumbai Indians,Chennai Super Kings,Chennai Super Kings,St George's Park,ML Hayden
163,IPL-2009,Kolkata Knight Riders,Deccan Chargers,Deccan Chargers,New Wanderers Stadium,RG Sharma
164,IPL-2009,Kings XI Punjab,Deccan Chargers,Kings XI Punjab,New Wanderers Stadium,Yuvraj Singh
165,IPL-2009,Delhi Daredevils,Rajasthan Royals,Delhi Daredevils,OUTsurance Oval,AB de Villiers
166,IPL-2009,Chennai Super Kings,Kolkata Knight Riders,Kolkata Knight Riders,SuperSport Park,BJ Hodge
167,IPL-2009,Delhi Daredevils,Royal Challengers Bangalore,Royal Challengers Bangalore,New Wanderers Stadium,JH Kallis
168,IPL-2009,Rajasthan Royals,Kolkata Knight Riders,Kolkata Knight Riders,Kingsmead,LR Shukla
169,IPL-2009,Chennai Super Kings,Kings XI Punjab,Chennai Super Kings,Kingsmead,M Muralitharan
170,IPL-2009,Mumbai Indians,Delhi Daredevils,Delhi Daredevils,SuperSport Park,V Sehwag
171,IPL-2009,Royal Challengers Bangalore,Deccan Chargers,Royal Challengers Bangalore,SuperSport Park,MK Pandey
172,IPL-2009,Delhi Daredevils,Deccan Chargers,Deccan Chargers,SuperSport Park,AC Gilchrist
173,IPL-2009,Chennai Super Kings,Royal Challengers Bangalore,Royal Challengers Bangalore,New Wanderers Stadium,MK Pandey
174,IPL-2009,Deccan Chargers,Royal Challengers Bangalore,Deccan Chargers,New Wanderers Stadium,A Kumble
175,IPL-2010,Kolkata Knight Riders,Deccan Chargers,Kolkata Knight Riders,Dr DY Patil Sports Academy,AD Mathews
176,IPL-2010,Mumbai Indians,Rajasthan Royals,Mumbai Indians,Brabourne Stadium,YK Pathan
177,IPL-2010,Kings XI Punjab,Delhi Daredevils,Delhi Daredevils,"Punjab Cricket Association Stadium, Mohali",G Gambhir
178,IPL-2010,Royal Challengers Bangalore,Kolkata Knight Riders,Kolkata Knight Riders,Eden Gardens,MK Tiwary
179,IPL-2010,Deccan Chargers,Chennai Super Kings,Deccan Chargers,"MA Chidambaram Stadium, Chepauk",WPUJC Vaas
180,IPL-2010,Rajasthan Royals,Delhi Daredevils,Delhi Daredevils,"Sardar Patel Stadium, Motera",V Sehwag
181,IPL-2010,Kings XI Punjab,Royal Challengers Bangalore,Royal Challengers Bangalore,M Chinnaswamy Stadium,JH Kallis
182,IPL-2010,Chennai Super Kings,Kolkata Knight Riders,Chennai Super Kings,Eden Gardens,MS Dhoni
183,IPL-2010,Mumbai Indians,Delhi Daredevils,Mumbai Indians,Feroz Shah Kotla,SR Tendulkar
184,IPL-2010,Rajasthan Royals,Royal Challengers Bangalore,Royal Challengers Bangalore,M Chinnaswamy Stadium,JH Kallis
185,IPL-2010,Delhi Daredevils,Chennai Super Kings,Chennai Super Kings,Feroz Shah Kotla,ML Hayden
186,IPL-2010,Deccan Chargers,Kings XI Punjab,Deccan Chargers,Barabati Stadium,A Symonds
187,IPL-2010,Rajasthan Royals,Kolkata Knight Riders,Rajasthan Royals,"Sardar Patel Stadium, Motera",AA Jhunjhunwala
188,IPL-2010,Mumbai Indians,Royal Challengers Bangalore,Royal Challengers Bangalore,Brabourne Stadium,JH Kallis
189,IPL-2010,Deccan Chargers,Delhi Daredevils,Deccan Chargers,Barabati Stadium,A Symonds
190,IPL-2010,Kings XI Punjab,Chennai Super Kings,Kings XI Punjab,"MA Chidambaram Stadium, Chepauk",J Theron
191,IPL-2010,Kolkata Knight Riders,Mumbai Indians,Mumbai Indians,Brabourne Stadium,SR Tendulkar
192,IPL-2010,Royal Challengers Bangalore,Chennai Super Kings,Royal Challengers Bangalore,M Chinnaswamy Stadium,RV Uthappa
193,IPL-2010,Rajasthan Royals,Kings XI Punjab,Rajasthan Royals,"Punjab Cricket Association Stadium, Mohali",AC Voges
194,IPL-2010,Chennai Super Kings,Mumbai Indians,Mumbai Indians,Brabourne Stadium,SR Tendulkar
195,IPL-2010,Deccan Chargers,Rajasthan Royals,Rajasthan Royals,"Sardar Patel Stadium, Motera",YK Pathan
196,IPL-2010,Kolkata Knight Riders,Kings XI Punjab,Kolkata Knight Riders,"Punjab Cricket Association Stadium, Mohali",MK Tiwary
197,IPL-2010,Delhi Daredevils,Royal Challengers Bangalore,Delhi Daredevils,M Chinnaswamy Stadium,KM Jadhav
198,IPL-2010,Rajasthan Royals,Chennai Super Kings,Rajasthan Royals,"Sardar Patel Stadium, Motera",NV Ojha
199,IPL-2010,Mumbai Indians,Deccan Chargers,Mumbai Indians,Dr DY Patil Sports Academy,Harbhajan Singh
200,IPL-2010,Delhi Daredevils,Kolkata Knight Riders,Delhi Daredevils,Feroz Shah Kotla,DA Warner
201,IPL-2010,Kings XI Punjab,Mumbai Indians,Mumbai Indians,Brabourne Stadium,SL Malinga
202,IPL-2010,Royal Challengers Bangalore,Chennai Super Kings,Chennai Super Kings,"MA Chidambaram Stadium, Chepauk",M Vijay
203,IPL-2010,Delhi Daredevils,Rajasthan Royals,Delhi Daredevils,Feroz Shah Kotla,KD Karthik
204,IPL-2010,Kolkata Knight Riders,Deccan Chargers,Kolkata Knight Riders,Eden Gardens,SC Ganguly
205,IPL-2010,Kings XI Punjab,Royal Challengers Bangalore,Royal Challengers Bangalore,"Punjab Cricket Association Stadium, Mohali",KP Pietersen
206,IPL-2010,Chennai Super Kings,Rajasthan Royals,Chennai Super Kings,"MA Chidambaram Stadium, Chepauk",M Vijay
207,IPL-2010,Mumbai Indians,Deccan Chargers,Mumbai Indians,Brabourne Stadium,AT Rayudu
208,IPL-2010,Kolkata Knight Riders,Kings XI Punjab,Kings XI Punjab,Eden Gardens,DPMD Jayawardene
209,IPL-2010,Delhi Daredevils,Royal Challengers Bangalore,Delhi Daredevils,Feroz Shah Kotla,PD Collingwood
210,IPL-2010,Rajasthan Royals,Deccan Chargers,Rajasthan Royals,"Vidarbha Cricket Association Stadium, Jamtha",SK Warne
211,IPL-2010,Chennai Super Kings,Mumbai Indians,Chennai Super Kings,"MA Chidambaram Stadium, Chepauk",SK Raina
212,IPL-2010,Kings XI Punjab,Rajasthan Royals,Rajasthan Royals,Sawai Mansingh Stadium,MJ Lumb
213,IPL-2010,Kolkata Knight Riders,Delhi Daredevils,Kolkata Knight Riders,Eden Gardens,SC Ganguly
214,IPL-2010,Royal Challengers Bangalore,Deccan Chargers,Deccan Chargers,M Chinnaswamy Stadium,TL Suman
215,IPL-2010,Mumbai Indians,Kings XI Punjab,Kings XI Punjab,"Punjab Cricket Association Stadium, Mohali",KC Sangakkara
216,IPL-2010,Chennai Super Kings,Deccan Chargers,Deccan Chargers,"Vidarbha Cricket Association Stadium, Jamtha",RJ Harris
217,IPL-2010,Kolkata Knight Riders,Royal Challengers Bangalore,Royal Challengers Bangalore,M Chinnaswamy Stadium,R Vinay Kumar
218,IPL-2010,Delhi Daredevils,Kings XI Punjab,Kings XI Punjab,Feroz Shah Kotla,PP Chawla
219,IPL-2010,Mumbai Indians,Rajasthan Royals,Mumbai Indians,Sawai Mansingh Stadium,SR Tendulkar
220,IPL-2010,Deccan Chargers,Royal Challengers Bangalore,Deccan Chargers,"Vidarbha Cricket Association Stadium, Jamtha",Harmeet Singh
221,IPL-2010,Mumbai Indians,Delhi Daredevils,Mumbai Indians,Brabourne Stadium,KA Pollard
222,IPL-2010,Kolkata Knight Riders,Chennai Super Kings,Chennai Super Kings,"MA Chidambaram Stadium, Chepauk",R Ashwin
223,IPL-2010,Rajasthan Royals,Royal Challengers Bangalore,Royal Challengers Bangalore,Sawai Mansingh Stadium,KP Pietersen
224,IPL-2010,Chennai Super Kings,Delhi Daredevils,Delhi Daredevils,"MA Chidambaram Stadium, Chepauk",G Gambhir
225,IPL-2010,Kings XI Punjab,Deccan Chargers,Deccan Chargers,Himachal Pradesh Cricket Association Stadium,RG Sharma
226,IPL-2010,Mumbai Indians,Royal Challengers Bangalore,Mumbai Indians,M Chinnaswamy Stadium,R McLaren
227,IPL-2010,Rajasthan Royals,Kolkata Knight Riders,Kolkata Knight Riders,Eden Gardens,JD Unadkat
228,IPL-2010,Kings XI Punjab,Chennai Super Kings,Chennai Super Kings,Himachal Pradesh Cricket Association Stadium,MS Dhoni
229,IPL-2010,Deccan Chargers,Delhi Daredevils,Deccan Chargers,Feroz Shah Kotla,A Symonds
230,IPL-2010,Mumbai Indians,Kolkata Knight Riders,Kolkata Knight Riders,Eden Gardens,M Kartik
231,IPL-2010,Mumbai Indians,Royal Challengers Bangalore,Mumbai Indians,Dr DY Patil Sports Academy,KA Pollard
232,IPL-2010,Chennai Super Kings,Deccan Chargers,Chennai Super Kings,Dr DY Patil Sports Academy,DE Bollinger
233,IPL-2010,Deccan Chargers,Royal Challengers Bangalore,Royal Challengers Bangalore,Dr DY Patil Sports Academy,A Kumble
234,IPL-2010,Chennai Super Kings,Mumbai Indians,Chennai Super Kings,Dr DY Patil Sports Academy,SK Raina
235,IPL-2011,Chennai Super Kings,Kolkata Knight Riders,Chennai Super Kings,"MA Chidambaram Stadium, Chepauk",S Anirudha
236,IPL-2011,Deccan Chargers,Rajasthan Royals,Rajasthan Royals,"Rajiv Gandhi International Stadium, Uppal",SK Trivedi
237,IPL-2011,Kochi Tuskers Kerala,Royal Challengers Bangalore,Royal Challengers Bangalore,Nehru Stadium,AB de Villiers
238,IPL-2011,Delhi Daredevils,Mumbai Indians,Mumbai Indians,Feroz Shah Kotla,SL Malinga
239,IPL-2011,Kings XI Punjab,Pune Warriors,Pune Warriors,Dr DY Patil Sports Academy,SB Wagh
240,IPL-2011,Kolkata Knight Riders,Deccan Chargers,Kolkata Knight Riders,Eden Gardens,JH Kallis
241,IPL-2011,Delhi Daredevils,Rajasthan Royals,Rajasthan Royals,Sawai Mansingh Stadium,SK Warne
242,IPL-2011,Royal Challengers Bangalore,Mumbai Indians,Mumbai Indians,M Chinnaswamy Stadium,SR Tendulkar
243,IPL-2011,Chennai Super Kings,Kings XI Punjab,Kings XI Punjab,"Punjab Cricket Association Stadium, Mohali",PC Valthaty
244,IPL-2011,Kochi Tuskers Kerala,Pune Warriors,Pune Warriors,Dr DY Patil Sports Academy,MD Mishra
245,IPL-2011,Deccan Chargers,Royal Challengers Bangalore,Deccan Chargers,"Rajiv Gandhi International Stadium, Uppal",DW Steyn
246,IPL-2011,Rajasthan Royals,Kolkata Knight Riders,Kolkata Knight Riders,Sawai Mansingh Stadium,G Gambhir
247,IPL-2011,Mumbai Indians,Kochi Tuskers Kerala,Kochi Tuskers Kerala,Wankhede Stadium,BB McCullum
248,IPL-2011,Chennai Super Kings,Royal Challengers Bangalore,Chennai Super Kings,"MA Chidambaram Stadium, Chepauk",MEK Hussey
249,IPL-2011,Deccan Chargers,Kings XI Punjab,Kings XI Punjab,"Rajiv Gandhi International Stadium, Uppal",PC Valthaty
250,IPL-2011,Pune Warriors,Delhi Daredevils,Delhi Daredevils,Dr DY Patil Sports Academy,Yuvraj Singh
251,IPL-2011,Rajasthan Royals,Kolkata Knight Riders,Kolkata Knight Riders,Eden Gardens,L Balaji
252,IPL-2011,Chennai Super Kings,Kochi Tuskers Kerala,Kochi Tuskers Kerala,Nehru Stadium,BB McCullum
253,IPL-2011,Deccan Chargers,Delhi Daredevils,Deccan Chargers,Feroz Shah Kotla,S Sohal
254,IPL-2011,Pune Warriors,Mumbai Indians,Mumbai Indians,Wankhede Stadium,MM Patel
255,IPL-2011,Kochi Tuskers Kerala,Kolkata Knight Riders,Kochi Tuskers Kerala,Eden Gardens,DPMD Jayawardene
256,IPL-2011,Kings XI Punjab,Rajasthan Royals,Kings XI Punjab,"Punjab Cricket Association Stadium, Mohali",SE Marsh
257,IPL-2011,Mumbai Indians,Chennai Super Kings,Mumbai Indians,Wankhede Stadium,Harbhajan Singh
258,IPL-2011,Kolkata Knight Riders,Royal Challengers Bangalore,Royal Challengers Bangalore,Eden Gardens,CH Gayle
259,IPL-2011,Delhi Daredevils,Kings XI Punjab,Delhi Daredevils,Feroz Shah Kotla,DA Warner
260,IPL-2011,Mumbai Indians,Deccan Chargers,Mumbai Indians,"Rajiv Gandhi International Stadium, Uppal",SL Malinga
261,IPL-2011,Kochi Tuskers Kerala,Rajasthan Royals,Rajasthan Royals,Sawai Mansingh Stadium,SK Warne
262,IPL-2011,Chennai Super Kings,Pune Warriors,Chennai Super Kings,"MA Chidambaram Stadium, Chepauk",MEK Hussey
263,IPL-2011,Delhi Daredevils,Royal Challengers Bangalore,Royal Challengers Bangalore,Feroz Shah Kotla,V Kohli
264,IPL-2011,Pune Warriors,Chennai Super Kings,Chennai Super Kings,Dr DY Patil Sports Academy,DE Bollinger
265,IPL-2011,Deccan Chargers,Kochi Tuskers Kerala,Deccan Chargers,Nehru Stadium,I Sharma
266,IPL-2011,Kolkata Knight Riders,Delhi Daredevils,Kolkata Knight Riders,Feroz Shah Kotla,MK Tiwary
267,IPL-2011,Mumbai Indians,Rajasthan Royals,Rajasthan Royals,Sawai Mansingh Stadium,J Botha
268,IPL-2011,Royal Challengers Bangalore,Pune Warriors,Royal Challengers Bangalore,M Chinnaswamy Stadium,V Kohli
269,IPL-2011,Delhi Daredevils,Kochi Tuskers Kerala,Delhi Daredevils,Nehru Stadium,V Sehwag
270,IPL-2011,Kings XI Punjab,Kolkata Knight Riders,Kolkata Knight Riders,Eden Gardens,Iqbal Abdulla
271,IPL-2011,Pune Warriors,Rajasthan Royals,Rajasthan Royals,Sawai Mansingh Stadium,LRPL Taylor
272,IPL-2011,Chennai Super Kings,Deccan Chargers,Chennai Super Kings,"MA Chidambaram Stadium, Chepauk",JA Morkel
273,IPL-2011,Mumbai Indians,Kings XI Punjab,Mumbai Indians,Wankhede Stadium,KA Pollard
274,IPL-2011,Delhi Daredevils,Kochi Tuskers Kerala,Kochi Tuskers Kerala,Feroz Shah Kotla,P Parameswaran
275,IPL-2011,Kolkata Knight Riders,Deccan Chargers,Kolkata Knight Riders,"Rajiv Gandhi International Stadium, Uppal",YK Pathan
276,IPL-2011,Rajasthan Royals,Chennai Super Kings,Chennai Super Kings,"MA Chidambaram Stadium, Chepauk",MEK Hussey
277,IPL-2011,Mumbai Indians,Pune Warriors,Mumbai Indians,Dr DY Patil Sports Academy,R Sharma
278,IPL-2011,Kochi Tuskers Kerala,Kolkata Knight Riders,Kochi Tuskers Kerala,Nehru Stadium,BJ Hodge
279,IPL-2011,Deccan Chargers,Delhi Daredevils,Delhi Daredevils,"Rajiv Gandhi International Stadium, Uppal",V Sehwag
280,IPL-2011,Royal Challengers Bangalore,Kings XI Punjab,Royal Challengers Bangalore,M Chinnaswamy Stadium,CH Gayle
281,IPL-2011,Chennai Super Kings,Kolkata Knight Riders,Kolkata Knight Riders,Eden Gardens,Iqbal Abdulla
282,IPL-2011,Mumbai Indians,Delhi Daredevils,Mumbai Indians,Wankhede Stadium,AT Rayudu
283,IPL-2011,Kochi Tuskers Kerala,Royal Challengers Bangalore,Royal Challengers Bangalore,M Chinnaswamy Stadium,CH Gayle
284,IPL-2011,Kings XI Punjab,Pune Warriors,Pune Warriors,"Punjab Cricket Association Stadium, Mohali",R Sharma
285,IPL-2011,Chennai Super Kings,Rajasthan Royals,Chennai Super Kings,Sawai Mansingh Stadium,M Vijay
286,IPL-2011,Deccan Chargers,Pune Warriors,Pune Warriors,"Rajiv Gandhi International Stadium, Uppal",MR Marsh
287,IPL-2011,Kings XI Punjab,Mumbai Indians,Kings XI Punjab,"Punjab Cricket Association Stadium, Mohali",BA Bhatt
288,IPL-2011,Rajasthan Royals,Royal Challengers Bangalore,Royal Challengers Bangalore,Sawai Mansingh Stadium,S Aravind
289,IPL-2011,Chennai Super Kings,Delhi Daredevils,Chennai Super Kings,"MA Chidambaram Stadium, Chepauk",MS Dhoni
290,IPL-2011,Kochi Tuskers Kerala,Kings XI Punjab,Kings XI Punjab,Holkar Cricket Stadium,KD Karthik
291,IPL-2011,Kolkata Knight Riders,Royal Challengers Bangalore,Royal Challengers Bangalore,M Chinnaswamy Stadium,CH Gayle
292,IPL-2011,Deccan Chargers,Mumbai Indians,Deccan Chargers,Wankhede Stadium,A Mishra
293,IPL-2011,Kings XI Punjab,Delhi Daredevils,Kings XI Punjab,Himachal Pradesh Cricket Association Stadium,PP Chawla
294,IPL-2011,Rajasthan Royals,Kochi Tuskers Kerala,Kochi Tuskers Kerala,Holkar Cricket Stadium,BJ Hodge
295,IPL-2011,Pune Warriors,Deccan Chargers,Deccan Chargers,Dr DY Patil Sports Academy,A Mishra
296,IPL-2011,Kings XI Punjab,Royal Challengers Bangalore,Kings XI Punjab,Himachal Pradesh Cricket Association Stadium,AC Gilchrist
297,IPL-2011,Chennai Super Kings,Kochi Tuskers Kerala,Chennai Super Kings,"MA Chidambaram Stadium, Chepauk",WP Saha
298,IPL-2011,Pune Warriors,Kolkata Knight Riders,Kolkata Knight Riders,Dr DY Patil Sports Academy,YK Pathan
299,IPL-2011,Mumbai Indians,Rajasthan Royals,Rajasthan Royals,Wankhede Stadium,SR Watson
300,IPL-2011,Deccan Chargers,Kings XI Punjab,Deccan Chargers,Himachal Pradesh Cricket Association Stadium,S Dhawan
301,IPL-2011,Delhi Daredevils,Pune Warriors,,Feroz Shah Kotla,
302,IPL-2011,Chennai Super Kings,Royal Challengers Bangalore,Royal Challengers Bangalore,M Chinnaswamy Stadium,CH Gayle
303,IPL-2011,Kolkata Knight Riders,Mumbai Indians,Mumbai Indians,Eden Gardens,JEC Franklin
304,IPL-2011,Royal Challengers Bangalore,Chennai Super Kings,Chennai Super Kings,Wankhede Stadium,SK Raina
305,IPL-2011,Kolkata Knight Riders,Mumbai Indians,Mumbai Indians,Wankhede Stadium,MM Patel
306,IPL-2011,Royal Challengers Bangalore,Mumbai Indians,Royal Challengers Bangalore,"MA Chidambaram Stadium, Chepauk",CH Gayle
307,IPL-2011,Chennai Super Kings,Royal Challengers Bangalore,Chennai Super Kings,"MA Chidambaram Stadium, Chepauk",M Vijay
308,IPL-2012,Chennai Super Kings,Mumbai Indians,Mumbai Indians,"MA Chidambaram Stadium, Chepauk",RE Levi
309,IPL-2012,Kolkata Knight Riders,Delhi Daredevils,Delhi Daredevils,Eden Gardens,IK Pathan
310,IPL-2012,Pune Warriors,Mumbai Indians,Pune Warriors,Wankhede Stadium,SPD Smith
311,IPL-2012,Rajasthan Royals,Kings XI Punjab,Rajasthan Royals,Sawai Mansingh Stadium,AM Rahane
312,IPL-2012,Royal Challengers Bangalore,Delhi Daredevils,Royal Challengers Bangalore,M Chinnaswamy Stadium,AB de Villiers
313,IPL-2012,Chennai Super Kings,Deccan Chargers,Chennai Super Kings,Dr. Y.S. Rajasekhara Reddy ACA-VDCA Cricket Stadium,RA Jadeja
314,IPL-2012,Rajasthan Royals,Kolkata Knight Riders,Rajasthan Royals,Sawai Mansingh Stadium,BJ Hodge
315,IPL-2012,Pune Warriors,Kings XI Punjab,Pune Warriors,Subrata Roy Sahara Stadium,MN Samuels
316,IPL-2012,Deccan Chargers,Mumbai Indians,Mumbai Indians,Dr. Y.S. Rajasekhara Reddy ACA-VDCA Cricket Stadium,RG Sharma
317,IPL-2012,Kolkata Knight Riders,Royal Challengers Bangalore,Kolkata Knight Riders,M Chinnaswamy Stadium,L Balaji
318,IPL-2012,Chennai Super Kings,Delhi Daredevils,Delhi Daredevils,Feroz Shah Kotla,M Morkel
319,IPL-2012,Mumbai Indians,Rajasthan Royals,Mumbai Indians,Wankhede Stadium,KA Pollard
320,IPL-2012,Royal Challengers Bangalore,Chennai Super Kings,Chennai Super Kings,"MA Chidambaram Stadium, Chepauk",F du Plessis
321,IPL-2012,Pune Warriors,Kings XI Punjab,Kings XI Punjab,"Punjab Cricket Association Stadium, Mohali",AD Mascarenhas
322,IPL-2012,Rajasthan Royals,Kolkata Knight Riders,Kolkata Knight Riders,Eden Gardens,Shakib Al Hasan
323,IPL-2012,Deccan Chargers,Delhi Daredevils,Delhi Daredevils,Feroz Shah Kotla,KP Pietersen
324,IPL-2012,Chennai Super Kings,Pune Warriors,Pune Warriors,Subrata Roy Sahara Stadium,JD Ryder
325,IPL-2012,Kings XI Punjab,Kolkata Knight Riders,Kings XI Punjab,Eden Gardens,SP Narine
326,IPL-2012,Rajasthan Royals,Royal Challengers Bangalore,Rajasthan Royals,M Chinnaswamy Stadium,AM Rahane
327,IPL-2012,Mumbai Indians,Delhi Daredevils,Delhi Daredevils,Wankhede Stadium,S Nadeem
328,IPL-2012,Deccan Chargers,Rajasthan Royals,Rajasthan Royals,Sawai Mansingh Stadium,BJ Hodge
329,IPL-2012,Pune Warriors,Royal Challengers Bangalore,Royal Challengers Bangalore,M Chinnaswamy Stadium,CH Gayle
330,IPL-2012,Kings XI Punjab,Kolkata Knight Riders,Kolkata Knight Riders,"Punjab Cricket Association Stadium, Mohali",G Gambhir
331,IPL-2012,Deccan Chargers,Delhi Daredevils,Delhi Daredevils,"Rajiv Gandhi International Stadium, Uppal",DA Warner
332,IPL-2012,Chennai Super Kings,Pune Warriors,Chennai Super Kings,"MA Chidambaram Stadium, Chepauk",KMDN Kulasekara
333,IPL-2012,Kings XI Punjab,Royal Challengers Bangalore,Royal Challengers Bangalore,"Punjab Cricket Association Stadium, Mohali",CH Gayle
334,IPL-2012,Rajasthan Royals,Chennai Super Kings,Chennai Super Kings,"MA Chidambaram Stadium, Chepauk",F du Plessis
335,IPL-2012,Pune Warriors,Delhi Daredevils,Pune Warriors,Feroz Shah Kotla,SC Ganguly
336,IPL-2012,Mumbai Indians,Kings XI Punjab,Kings XI Punjab,Wankhede Stadium,SE Marsh
337,IPL-2012,Deccan Chargers,Kolkata Knight Riders,Kolkata Knight Riders,Barabati Stadium,B Lee
338,IPL-2012,Royal Challengers Bangalore,Rajasthan Royals,Royal Challengers Bangalore,Sawai Mansingh Stadium,AB de Villiers
339,IPL-2012,Pune Warriors,Delhi Daredevils,Delhi Daredevils,Subrata Roy Sahara Stadium,V Sehwag
340,IPL-2012,Kings XI Punjab,Mumbai Indians,Mumbai Indians,"Punjab Cricket Association Stadium, Mohali",AT Rayudu
341,IPL-2012,Deccan Chargers,Pune Warriors,Deccan Chargers,Subrata Roy Sahara Stadium,CL White
342,IPL-2012,Delhi Daredevils,Mumbai Indians,Delhi Daredevils,Feroz Shah Kotla,V Sehwag
343,IPL-2012,Kings XI Punjab,Chennai Super Kings,Kings XI Punjab,"MA Chidambaram Stadium, Chepauk",Mandeep Singh
344,IPL-2012,Kolkata Knight Riders,Royal Challengers Bangalore,Kolkata Knight Riders,Eden Gardens,G Gambhir
345,IPL-2012,Delhi Daredevils,Rajasthan Royals,Delhi Daredevils,Feroz Shah Kotla,V Sehwag
346,IPL-2012,Deccan Chargers,Mumbai Indians,Mumbai Indians,Wankhede Stadium,DW Steyn
347,IPL-2012,Chennai Super Kings,Kolkata Knight Riders,Kolkata Knight Riders,"MA Chidambaram Stadium, Chepauk",G Gambhir
348,IPL-2012,Deccan Chargers,Pune Warriors,Deccan Chargers,Barabati Stadium,KC Sangakkara
349,IPL-2012,Rajasthan Royals,Delhi Daredevils,Delhi Daredevils,Sawai Mansingh Stadium,P Negi
350,IPL-2012,Royal Challengers Bangalore,Kings XI Punjab,Kings XI Punjab,M Chinnaswamy Stadium,Azhar Mahmood
351,IPL-2012,Mumbai Indians,Pune Warriors,Mumbai Indians,Subrata Roy Sahara Stadium,SL Malinga
352,IPL-2012,Chennai Super Kings,Deccan Chargers,Chennai Super Kings,"MA Chidambaram Stadium, Chepauk",SK Raina
353,IPL-2012,Kolkata Knight Riders,Pune Warriors,Kolkata Knight Riders,Eden Gardens,SP Narine
354,IPL-2012,Rajasthan Royals,Kings XI Punjab,Rajasthan Royals,"Punjab Cricket Association Stadium, Mohali",SR Watson
355,IPL-2012,Chennai Super Kings,Mumbai Indians,Mumbai Indians,Wankhede Stadium,DR Smith
356,IPL-2012,Deccan Chargers,Royal Challengers Bangalore,Royal Challengers Bangalore,M Chinnaswamy Stadium,AB de Villiers
357,IPL-2012,Delhi Daredevils,Kolkata Knight Riders,Kolkata Knight Riders,Feroz Shah Kotla,JH Kallis
358,IPL-2012,Pune Warriors,Rajasthan Royals,Rajasthan Royals,Subrata Roy Sahara Stadium,SR Watson
359,IPL-2012,Kings XI Punjab,Deccan Chargers,Kings XI Punjab,"Rajiv Gandhi International Stadium, Uppal",Mandeep Singh
360,IPL-2012,Mumbai Indians,Royal Challengers Bangalore,Royal Challengers Bangalore,Wankhede Stadium,CH Gayle
361,IPL-2012,Rajasthan Royals,Chennai Super Kings,Chennai Super Kings,Sawai Mansingh Stadium,BW Hilfenhaus
362,IPL-2012,Royal Challengers Bangalore,Pune Warriors,Royal Challengers Bangalore,Subrata Roy Sahara Stadium,CH Gayle
363,IPL-2012,Mumbai Indians,Kolkata Knight Riders,Mumbai Indians,Eden Gardens,RG Sharma
364,IPL-2012,Delhi Daredevils,Chennai Super Kings,Chennai Super Kings,"MA Chidambaram Stadium, Chepauk",BW Hilfenhaus
365,IPL-2012,Rajasthan Royals,Pune Warriors,Rajasthan Royals,Sawai Mansingh Stadium,A Chandila
366,IPL-2012,Deccan Chargers,Kings XI Punjab,Kings XI Punjab,"Punjab Cricket Association Stadium, Mohali",DJ Hussey
367,IPL-2012,Royal Challengers Bangalore,Mumbai Indians,Mumbai Indians,M Chinnaswamy Stadium,AT Rayudu
368,IPL-2012,Kolkata Knight Riders,Chennai Super Kings,Chennai Super Kings,Eden Gardens,MEK Hussey
369,IPL-2012,Kings XI Punjab,Delhi Daredevils,Delhi Daredevils,Feroz Shah Kotla,UT Yadav
370,IPL-2012,Kolkata Knight Riders,Mumbai Indians,Kolkata Knight Riders,Wankhede Stadium,SP Narine
371,IPL-2012,Chennai Super Kings,Kings XI Punjab,Kings XI Punjab,Himachal Pradesh Cricket Association Stadium,AC Gilchrist
372,IPL-2012,Royal Challengers Bangalore,Delhi Daredevils,Royal Challengers Bangalore,Feroz Shah Kotla,CH Gayle
373,IPL-2012,Rajasthan Royals,Deccan Chargers,Deccan Chargers,"Rajiv Gandhi International Stadium, Uppal",DW Steyn
374,IPL-2012,Kings XI Punjab,Delhi Daredevils,Delhi Daredevils,Himachal Pradesh Cricket Association Stadium,UT Yadav
375,IPL-2012,Kolkata Knight Riders,Pune Warriors,Kolkata Knight Riders,Subrata Roy Sahara Stadium,Shakib Al Hasan
376,IPL-2012,Deccan Chargers,Royal Challengers Bangalore,Deccan Chargers,"Rajiv Gandhi International Stadium, Uppal",DW Steyn
377,IPL-2012,Rajasthan Royals,Mumbai Indians,Mumbai Indians,Sawai Mansingh Stadium,DR Smith
378,IPL-2012,Kolkata Knight Riders,Delhi Daredevils,Kolkata Knight Riders,Subrata Roy Sahara Stadium,YK Pathan
379,IPL-2012,Chennai Super Kings,Mumbai Indians,Chennai Super Kings,M Chinnaswamy Stadium,MS Dhoni
380,IPL-2012,Chennai Super Kings,Delhi Daredevils,Chennai Super Kings,"MA Chidambaram Stadium, Chepauk",M Vijay
381,IPL-2012,Chennai Super Kings,Kolkata Knight Riders,Kolkata Knight Riders,"MA Chidambaram Stadium, Chepauk",MS Bisla
382,IPL-2013,Delhi Daredevils,Kolkata Knight Riders,Kolkata Knight Riders,Eden Gardens,SP Narine
383,IPL-2013,Royal Challengers Bangalore,Mumbai Indians,Royal Challengers Bangalore,M Chinnaswamy Stadium,CH Gayle
384,IPL-2013,Sunrisers Hyderabad,Pune Warriors,Sunrisers Hyderabad,"Rajiv Gandhi International Stadium, Uppal",A Mishra
385,IPL-2013,Rajasthan Royals,Delhi Daredevils,Rajasthan Royals,Feroz Shah Kotla,R Dravid
386,IPL-2013,Mumbai Indians,Chennai Super Kings,Mumbai Indians,"MA Chidambaram Stadium, Chepauk",KA Pollard
387,IPL-2013,Pune Warriors,Kings XI Punjab,Kings XI Punjab,Subrata Roy Sahara Stadium,M Vohra
388,IPL-2013,Royal Challengers Bangalore,Sunrisers Hyderabad,Sunrisers Hyderabad,"Rajiv Gandhi International Stadium, Uppal",GH Vihari
389,IPL-2013,Rajasthan Royals,Kolkata Knight Riders,Rajasthan Royals,Sawai Mansingh Stadium,SK Trivedi
390,IPL-2013,Mumbai Indians,Delhi Daredevils,Mumbai Indians,Wankhede Stadium,KD Karthik
391,IPL-2013,Kings XI Punjab,Chennai Super Kings,Chennai Super Kings,"Punjab Cricket Association Stadium, Mohali",MEK Hussey
392,IPL-2013,Kolkata Knight Riders,Royal Challengers Bangalore,Royal Challengers Bangalore,M Chinnaswamy Stadium,CH Gayle
393,IPL-2013,Rajasthan Royals,Pune Warriors,Pune Warriors,Subrata Roy Sahara Stadium,AJ Finch
394,IPL-2013,Delhi Daredevils,Sunrisers Hyderabad,Sunrisers Hyderabad,Feroz Shah Kotla,A Mishra
395,IPL-2013,Mumbai Indians,Pune Warriors,Mumbai Indians,Wankhede Stadium,RG Sharma
396,IPL-2013,Royal Challengers Bangalore,Chennai Super Kings,Chennai Super Kings,"MA Chidambaram Stadium, Chepauk",RA Jadeja
397,IPL-2013,Kolkata Knight Riders,Sunrisers Hyderabad,Kolkata Knight Riders,Eden Gardens,G Gambhir
398,IPL-2013,Kings XI Punjab,Rajasthan Royals,Rajasthan Royals,Sawai Mansingh Stadium,JP Faulkner
399,IPL-2013,Pune Warriors,Chennai Super Kings,Pune Warriors,"MA Chidambaram Stadium, Chepauk",SPD Smith
400,IPL-2013,Kings XI Punjab,Kolkata Knight Riders,Kings XI Punjab,"Punjab Cricket Association Stadium, Mohali",MS Gony
401,IPL-2013,Delhi Daredevils,Royal Challengers Bangalore,Royal Challengers Bangalore,M Chinnaswamy Stadium,V Kohli
402,IPL-2013,Sunrisers Hyderabad,Pune Warriors,Sunrisers Hyderabad,Subrata Roy Sahara Stadium,A Mishra
403,IPL-2013,Rajasthan Royals,Mumbai Indians,Rajasthan Royals,Sawai Mansingh Stadium,AM Rahane
404,IPL-2013,Chennai Super Kings,Delhi Daredevils,Chennai Super Kings,Feroz Shah Kotla,MEK Hussey
405,IPL-2013,Kings XI Punjab,Sunrisers Hyderabad,Sunrisers Hyderabad,"Rajiv Gandhi International Stadium, Uppal",GH Vihari
406,IPL-2013,Kolkata Knight Riders,Chennai Super Kings,Chennai Super Kings,Eden Gardens,RA Jadeja
407,IPL-2013,Rajasthan Royals,Royal Challengers Bangalore,Royal Challengers Bangalore,M Chinnaswamy Stadium,R Vinay Kumar
408,IPL-2013,Mumbai Indians,Delhi Daredevils,Delhi Daredevils,Feroz Shah Kotla,V Sehwag
409,IPL-2013,Pune Warriors,Kings XI Punjab,Kings XI Punjab,"Punjab Cricket Association Stadium, Mohali",DA Miller
410,IPL-2013,Rajasthan Royals,Chennai Super Kings,Chennai Super Kings,"MA Chidambaram Stadium, Chepauk",MEK Hussey
411,IPL-2013,Royal Challengers Bangalore,Pune Warriors,Royal Challengers Bangalore,M Chinnaswamy Stadium,CH Gayle
412,IPL-2013,Kings XI Punjab,Delhi Daredevils,Kings XI Punjab,Himachal Pradesh Cricket Association Stadium,DA Miller
413,IPL-2013,Kolkata Knight Riders,Mumbai Indians,Mumbai Indians,Eden Gardens,DR Smith
414,IPL-2013,Sunrisers Hyderabad,Chennai Super Kings,Chennai Super Kings,"MA Chidambaram Stadium, Chepauk",MS Dhoni
415,IPL-2013,Kings XI Punjab,Kolkata Knight Riders,Kolkata Knight Riders,Eden Gardens,JH Kallis
416,IPL-2013,Sunrisers Hyderabad,Rajasthan Royals,Rajasthan Royals,Sawai Mansingh Stadium,JP Faulkner
417,IPL-2013,Mumbai Indians,Royal Challengers Bangalore,Mumbai Indians,Wankhede Stadium,DR Smith
418,IPL-2013,Chennai Super Kings,Kolkata Knight Riders,Chennai Super Kings,"MA Chidambaram Stadium, Chepauk",MEK Hussey
419,IPL-2013,Delhi Daredevils,Pune Warriors,Delhi Daredevils,Shaheed Veer Narayan Singh International Stadium,DA Warner
420,IPL-2013,Royal Challengers Bangalore,Rajasthan Royals,Rajasthan Royals,Sawai Mansingh Stadium,SV Samson
421,IPL-2013,Mumbai Indians,Kings XI Punjab,Mumbai Indians,Wankhede Stadium,RG Sharma
422,IPL-2013,Chennai Super Kings,Pune Warriors,Chennai Super Kings,Subrata Roy Sahara Stadium,MS Dhoni
423,IPL-2013,Mumbai Indians,Sunrisers Hyderabad,Sunrisers Hyderabad,"Rajiv Gandhi International Stadium, Uppal",I Sharma
424,IPL-2013,Kolkata Knight Riders,Delhi Daredevils,Delhi Daredevils,Shaheed Veer Narayan Singh International Stadium,DA Warner
425,IPL-2013,Chennai Super Kings,Kings XI Punjab,Chennai Super Kings,"MA Chidambaram Stadium, Chepauk",SK Raina
426,IPL-2013,Royal Challengers Bangalore,Pune Warriors,Royal Challengers Bangalore,Subrata Roy Sahara Stadium,AB de Villiers
427,IPL-2013,Rajasthan Royals,Kolkata Knight Riders,Kolkata Knight Riders,Eden Gardens,YK Pathan
428,IPL-2013,Delhi Daredevils,Sunrisers Hyderabad,Sunrisers Hyderabad,"Rajiv Gandhi International Stadium, Uppal",DJG Sammy
429,IPL-2013,Royal Challengers Bangalore,Kings XI Punjab,Kings XI Punjab,M Chinnaswamy Stadium,AC Gilchrist
430,IPL-2013,Mumbai Indians,Chennai Super Kings,Mumbai Indians,Wankhede Stadium,MG Johnson
431,IPL-2013,Pune Warriors,Rajasthan Royals,Rajasthan Royals,Sawai Mansingh Stadium,AM Rahane
432,IPL-2013,Sunrisers Hyderabad,Royal Challengers Bangalore,Royal Challengers Bangalore,M Chinnaswamy Stadium,V Kohli
433,IPL-2013,Delhi Daredevils,Rajasthan Royals,Rajasthan Royals,Sawai Mansingh Stadium,AM Rahane
434,IPL-2013,Mumbai Indians,Kolkata Knight Riders,Mumbai Indians,Wankhede Stadium,SR Tendulkar
435,IPL-2013,Chennai Super Kings,Sunrisers Hyderabad,Chennai Super Kings,"Rajiv Gandhi International Stadium, Uppal",SK Raina
436,IPL-2013,Kings XI Punjab,Rajasthan Royals,Rajasthan Royals,"Punjab Cricket Association Stadium, Mohali",KK Cooper
437,IPL-2013,Kolkata Knight Riders,Pune Warriors,Kolkata Knight Riders,Subrata Roy Sahara Stadium,G Gambhir
438,IPL-2013,Royal Challengers Bangalore,Delhi Daredevils,Royal Challengers Bangalore,Feroz Shah Kotla,JD Unadkat
439,IPL-2013,Pune Warriors,Mumbai Indians,Mumbai Indians,Subrata Roy Sahara Stadium,MG Johnson
440,IPL-2013,Sunrisers Hyderabad,Kings XI Punjab,Sunrisers Hyderabad,"Punjab Cricket Association Stadium, Mohali",PA Patel
441,IPL-2013,Royal Challengers Bangalore,Kolkata Knight Riders,Kolkata Knight Riders,JSCA International Stadium Complex,JH Kallis
442,IPL-2013,Chennai Super Kings,Rajasthan Royals,Rajasthan Royals,Sawai Mansingh Stadium,SR Watson
443,IPL-2013,Delhi Daredevils,Kings XI Punjab,Kings XI Punjab,Feroz Shah Kotla,Harmeet Singh
444,IPL-2013,Sunrisers Hyderabad,Mumbai Indians,Mumbai Indians,Wankhede Stadium,KA Pollard
445,IPL-2013,Pune Warriors,Kolkata Knight Riders,Pune Warriors,JSCA International Stadium Complex,MK Pandey
446,IPL-2013,Chennai Super Kings,Delhi Daredevils,Chennai Super Kings,"MA Chidambaram Stadium, Chepauk",MS Dhoni
447,IPL-2013,Mumbai Indians,Rajasthan Royals,Mumbai Indians,Wankhede Stadium,AP Tare
448,IPL-2013,Royal Challengers Bangalore,Kings XI Punjab,Kings XI Punjab,"Punjab Cricket Association Stadium, Mohali",DA Miller
449,IPL-2013,Sunrisers Hyderabad,Rajasthan Royals,Sunrisers Hyderabad,"Rajiv Gandhi International Stadium, Uppal",A Mishra
450,IPL-2013,Kings XI Punjab,Mumbai Indians,Kings XI Punjab,Himachal Pradesh Cricket Association Stadium,Azhar Mahmood
451,IPL-2013,Pune Warriors,Delhi Daredevils,Pune Warriors,Subrata Roy Sahara Stadium,LJ Wright
452,IPL-2013,Royal Challengers Bangalore,Chennai Super Kings,Royal Challengers Bangalore,M Chinnaswamy Stadium,V Kohli
453,IPL-2013,Kolkata Knight Riders,Sunrisers Hyderabad,Sunrisers Hyderabad,"Rajiv Gandhi International Stadium, Uppal",PA Patel
454,IPL-2013,Chennai Super Kings,Mumbai Indians,Chennai Super Kings,Feroz Shah Kotla,MEK Hussey
455,IPL-2013,Sunrisers Hyderabad,Rajasthan Royals,Rajasthan Royals,Feroz Shah Kotla,BJ Hodge
456,IPL-2013,Rajasthan Royals,Mumbai Indians,Mumbai Indians,Eden Gardens,Harbhajan Singh
457,IPL-2013,Mumbai Indians,Chennai Super Kings,Mumbai Indians,Eden Gardens,KA Pollard
458,IPL-2014,Kolkata Knight Riders,Mumbai Indians,Kolkata Knight Riders,Sheikh Zayed Stadium,JH Kallis
459,IPL-2014,Delhi Daredevils,Royal Challengers Bangalore,Royal Challengers Bangalore,Sharjah Cricket Stadium,YS Chahal
460,IPL-2014,Chennai Super Kings,Kings XI Punjab,Kings XI Punjab,Sheikh Zayed Stadium,GJ Maxwell
461,IPL-2014,Sunrisers Hyderabad,Rajasthan Royals,Rajasthan Royals,Sheikh Zayed Stadium,AM Rahane
462,IPL-2014,Mumbai Indians,Royal Challengers Bangalore,Royal Challengers Bangalore,Dubai International Cricket Stadium,PA Patel
463,IPL-2014,Kolkata Knight Riders,Delhi Daredevils,Delhi Daredevils,Dubai International Cricket Stadium,JP Duminy
464,IPL-2014,Rajasthan Royals,Kings XI Punjab,Kings XI Punjab,Sharjah Cricket Stadium,GJ Maxwell
465,IPL-2014,Chennai Super Kings,Delhi Daredevils,Chennai Super Kings,Sheikh Zayed Stadium,SK Raina
466,IPL-2014,Kings XI Punjab,Sunrisers Hyderabad,Kings XI Punjab,Sharjah Cricket Stadium,GJ Maxwell
467,IPL-2014,Chennai Super Kings,Rajasthan Royals,Chennai Super Kings,Dubai International Cricket Stadium,RA Jadeja
468,IPL-2014,Kolkata Knight Riders,Royal Challengers Bangalore,Kolkata Knight Riders,Sharjah Cricket Stadium,CA Lynn
469,IPL-2014,Sunrisers Hyderabad,Delhi Daredevils,Sunrisers Hyderabad,Dubai International Cricket Stadium,AJ Finch
470,IPL-2014,Mumbai Indians,Chennai Super Kings,Chennai Super Kings,Dubai International Cricket Stadium,MM Sharma
471,IPL-2014,Royal Challengers Bangalore,Rajasthan Royals,Rajasthan Royals,Sheikh Zayed Stadium,PV Tambe
472,IPL-2014,Kings XI Punjab,Kolkata Knight Riders,Kings XI Punjab,Sheikh Zayed Stadium,Sandeep Sharma
473,IPL-2014,Mumbai Indians,Delhi Daredevils,Delhi Daredevils,Sharjah Cricket Stadium,M Vijay
474,IPL-2014,Sunrisers Hyderabad,Chennai Super Kings,Chennai Super Kings,Sharjah Cricket Stadium,DR Smith
475,IPL-2014,Royal Challengers Bangalore,Kings XI Punjab,Kings XI Punjab,Dubai International Cricket Stadium,Sandeep Sharma
476,IPL-2014,Rajasthan Royals,Kolkata Knight Riders,Rajasthan Royals,Sheikh Zayed Stadium,JP Faulkner
477,IPL-2014,Sunrisers Hyderabad,Mumbai Indians,Sunrisers Hyderabad,Dubai International Cricket Stadium,B Kumar
478,IPL-2014,Chennai Super Kings,Kolkata Knight Riders,Chennai Super Kings,JSCA International Stadium Complex,RA Jadeja
479,IPL-2014,Kings XI Punjab,Mumbai Indians,Mumbai Indians,Wankhede Stadium,CJ Anderson
480,IPL-2014,Delhi Daredevils,Rajasthan Royals,Rajasthan Royals,Feroz Shah Kotla,KK Nair
481,IPL-2014,Sunrisers Hyderabad,Royal Challengers Bangalore,Royal Challengers Bangalore,M Chinnaswamy Stadium,AB de Villiers
482,IPL-2014,Rajasthan Royals,Kolkata Knight Riders,Rajasthan Royals,"Sardar Patel Stadium, Motera",PV Tambe
483,IPL-2014,Delhi Daredevils,Chennai Super Kings,Chennai Super Kings,Feroz Shah Kotla,DR Smith
484,IPL-2014,Mumbai Indians,Royal Challengers Bangalore,Mumbai Indians,Wankhede Stadium,RG Sharma
485,IPL-2014,Delhi Daredevils,Kolkata Knight Riders,Kolkata Knight Riders,Feroz Shah Kotla,G Gambhir
486,IPL-2014,Kings XI Punjab,Chennai Super Kings,Kings XI Punjab,Barabati Stadium,GJ Maxwell
487,IPL-2014,Sunrisers Hyderabad,Rajasthan Royals,Sunrisers Hyderabad,"Sardar Patel Stadium, Motera",B Kumar
488,IPL-2014,Kings XI Punjab,Royal Challengers Bangalore,Kings XI Punjab,M Chinnaswamy Stadium,Sandeep Sharma
489,IPL-2014,Delhi Daredevils,Sunrisers Hyderabad,Sunrisers Hyderabad,Feroz Shah Kotla,DW Steyn
490,IPL-2014,Mumbai Indians,Chennai Super Kings,Chennai Super Kings,Wankhede Stadium,DR Smith
491,IPL-2014,Kings XI Punjab,Kolkata Knight Riders,Kolkata Knight Riders,Barabati Stadium,G Gambhir
492,IPL-2014,Royal Challengers Bangalore,Rajasthan Royals,Rajasthan Royals,M Chinnaswamy Stadium,JP Faulkner
493,IPL-2014,Sunrisers Hyderabad,Mumbai Indians,Mumbai Indians,"Rajiv Gandhi International Stadium, Uppal",AT Rayudu
494,IPL-2014,Rajasthan Royals,Chennai Super Kings,Chennai Super Kings,JSCA International Stadium Complex,RA Jadeja
495,IPL-2014,Royal Challengers Bangalore,Delhi Daredevils,Royal Challengers Bangalore,M Chinnaswamy Stadium,Yuvraj Singh
496,IPL-2014,Sunrisers Hyderabad,Kings XI Punjab,Kings XI Punjab,"Rajiv Gandhi International Stadium, Uppal",WP Saha
497,IPL-2014,Mumbai Indians,Kolkata Knight Riders,Kolkata Knight Riders,Barabati Stadium,RV Uthappa
498,IPL-2014,Rajasthan Royals,Delhi Daredevils,Rajasthan Royals,"Sardar Patel Stadium, Motera",AM Rahane
499,IPL-2014,Chennai Super Kings,Royal Challengers Bangalore,Royal Challengers Bangalore,JSCA International Stadium Complex,AB de Villiers
500,IPL-2014,Sunrisers Hyderabad,Kolkata Knight Riders,Kolkata Knight Riders,"Rajiv Gandhi International Stadium, Uppal",UT Yadav
501,IPL-2014,Mumbai Indians,Rajasthan Royals,Mumbai Indians,"Sardar Patel Stadium, Motera",MEK Hussey
502,IPL-2014,Delhi Daredevils,Kings XI Punjab,Kings XI Punjab,Feroz Shah Kotla,AR Patel
503,IPL-2014,Royal Challengers Bangalore,Sunrisers Hyderabad,Sunrisers Hyderabad,"Rajiv Gandhi International Stadium, Uppal",DA Warner
504,IPL-2014,Chennai Super Kings,Kolkata Knight Riders,Kolkata Knight Riders,Eden Gardens,RV Uthappa
505,IPL-2014,Kings XI Punjab,Mumbai Indians,Mumbai Indians,"Punjab Cricket Association Stadium, Mohali",LMP Simmons
506,IPL-2014,Kolkata Knight Riders,Royal Challengers Bangalore,Kolkata Knight Riders,Eden Gardens,RV Uthappa
507,IPL-2014,Chennai Super Kings,Sunrisers Hyderabad,Sunrisers Hyderabad,JSCA International Stadium Complex,DA Warner
508,IPL-2014,Mumbai Indians,Delhi Daredevils,Mumbai Indians,Wankhede Stadium,MEK Hussey
509,IPL-2014,Kings XI Punjab,Rajasthan Royals,Kings XI Punjab,"Punjab Cricket Association Stadium, Mohali",SE Marsh
510,IPL-2014,Royal Challengers Bangalore,Chennai Super Kings,Chennai Super Kings,M Chinnaswamy Stadium,MS Dhoni
511,IPL-2014,Sunrisers Hyderabad,Kolkata Knight Riders,Kolkata Knight Riders,Eden Gardens,YK Pathan
512,IPL-2014,Delhi Daredevils,Kings XI Punjab,Kings XI Punjab,"Punjab Cricket Association Stadium, Mohali",M Vohra
513,IPL-2014,Rajasthan Royals,Mumbai Indians,Mumbai Indians,Wankhede Stadium,CJ Anderson
514,IPL-2014,Kolkata Knight Riders,Kings XI Punjab,Kolkata Knight Riders,Eden Gardens,UT Yadav
515,IPL-2014,Mumbai Indians,Chennai Super Kings,Chennai Super Kings,Brabourne Stadium,SK Raina
516,IPL-2014,Kings XI Punjab,Chennai Super Kings,Kings XI Punjab,Wankhede Stadium,V Sehwag
517,IPL-2014,Kings XI Punjab,Kolkata Knight Riders,Kolkata Knight Riders,M Chinnaswamy Stadium,MK Pandey
518,IPL-2015,Mumbai Indians,Kolkata Knight Riders,Kolkata Knight Riders,Eden Gardens,M Morkel
519,IPL-2015,Chennai Super Kings,Delhi Daredevils,Chennai Super Kings,"MA Chidambaram Stadium, Chepauk",A Nehra
520,IPL-2015,Rajasthan Royals,Kings XI Punjab,Rajasthan Royals,Maharashtra Cricket Association Stadium,JP Faulkner
521,IPL-2015,Chennai Super Kings,Sunrisers Hyderabad,Chennai Super Kings,"MA Chidambaram Stadium, Chepauk",BB McCullum
522,IPL-2015,Kolkata Knight Riders,Royal Challengers Bangalore,Royal Challengers Bangalore,Eden Gardens,CH Gayle
523,IPL-2015,Delhi Daredevils,Rajasthan Royals,Rajasthan Royals,Feroz Shah Kotla,DJ Hooda
524,IPL-2015,Kings XI Punjab,Mumbai Indians,Kings XI Punjab,Wankhede Stadium,GJ Bailey
525,IPL-2015,Royal Challengers Bangalore,Sunrisers Hyderabad,Sunrisers Hyderabad,M Chinnaswamy Stadium,DA Warner
526,IPL-2015,Mumbai Indians,Rajasthan Royals,Rajasthan Royals,"Sardar Patel Stadium, Motera",SPD Smith
527,IPL-2015,Chennai Super Kings,Kolkata Knight Riders,Kolkata Knight Riders,Eden Gardens,AD Russell
528,IPL-2015,Kings XI Punjab,Delhi Daredevils,Delhi Daredevils,Maharashtra Cricket Association Stadium,MA Agarwal
529,IPL-2015,Sunrisers Hyderabad,Rajasthan Royals,Rajasthan Royals,Dr. Y.S. Rajasekhara Reddy ACA-VDCA Cricket Stadium,AM Rahane
530,IPL-2015,Mumbai Indians,Chennai Super Kings,Chennai Super Kings,Wankhede Stadium,A Nehra
531,IPL-2015,Delhi Daredevils,Sunrisers Hyderabad,Delhi Daredevils,Dr. Y.S. Rajasekhara Reddy ACA-VDCA Cricket Stadium,JP Duminy
532,IPL-2015,Kings XI Punjab,Kolkata Knight Riders,Kolkata Knight Riders,Maharashtra Cricket Association Stadium,AD Russell
533,IPL-2015,Chennai Super Kings,Rajasthan Royals,Rajasthan Royals,"Sardar Patel Stadium, Motera",AM Rahane
534,IPL-2015,Mumbai Indians,Royal Challengers Bangalore,Mumbai Indians,M Chinnaswamy Stadium,Harbhajan Singh
535,IPL-2015,Delhi Daredevils,Kolkata Knight Riders,Kolkata Knight Riders,Feroz Shah Kotla,UT Yadav
536,IPL-2015,Rajasthan Royals,Kings XI Punjab,Kings XI Punjab,"Sardar Patel Stadium, Motera",SE Marsh
537,IPL-2015,Sunrisers Hyderabad,Kolkata Knight Riders,Sunrisers Hyderabad,Dr. Y.S. Rajasekhara Reddy ACA-VDCA Cricket Stadium,DA Warner
538,IPL-2015,Chennai Super Kings,Royal Challengers Bangalore,Chennai Super Kings,M Chinnaswamy Stadium,SK Raina
539,IPL-2015,Delhi Daredevils,Mumbai Indians,Delhi Daredevils,Feroz Shah Kotla,SS Iyer
540,IPL-2015,Rajasthan Royals,Royal Challengers Bangalore,Royal Challengers Bangalore,"Sardar Patel Stadium, Motera",MA Starc
541,IPL-2015,Mumbai Indians,Sunrisers Hyderabad,Mumbai Indians,Wankhede Stadium,SL Malinga
542,IPL-2015,Chennai Super Kings,Kings XI Punjab,Chennai Super Kings,"MA Chidambaram Stadium, Chepauk",BB McCullum
543,IPL-2015,Delhi Daredevils,Royal Challengers Bangalore,Royal Challengers Bangalore,Feroz Shah Kotla,VR Aaron
544,IPL-2015,Sunrisers Hyderabad,Kings XI Punjab,Sunrisers Hyderabad,"Punjab Cricket Association Stadium, Mohali",TA Boult
545,IPL-2015,Kolkata Knight Riders,Delhi Daredevils,Kolkata Knight Riders,Eden Gardens,PP Chawla
546,IPL-2015,Royal Challengers Bangalore,Rajasthan Royals,,M Chinnaswamy Stadium,
547,IPL-2015,Chennai Super Kings,Kolkata Knight Riders,Chennai Super Kings,"MA Chidambaram Stadium, Chepauk",DJ Bravo
548,IPL-2015,Kings XI Punjab,Delhi Daredevils,Delhi Daredevils,Feroz Shah Kotla,NM Coulter-Nile
549,IPL-2015,Mumbai Indians,Rajasthan Royals,Mumbai Indians,Wankhede Stadium,AT Rayudu
550,IPL-2015,Kolkata Knight Riders,Royal Challengers Bangalore,Royal Challengers Bangalore,M Chinnaswamy Stadium,Mandeep Singh
551,IPL-2015,Sunrisers Hyderabad,Chennai Super Kings,Sunrisers Hyderabad,"Rajiv Gandhi International Stadium, Uppal",DA Warner
552,IPL-2015,Mumbai Indians,Kings XI Punjab,Mumbai Indians,"Punjab Cricket Association Stadium, Mohali",LMP Simmons
553,IPL-2015,Rajasthan Royals,Delhi Daredevils,Rajasthan Royals,Brabourne Stadium,AM Rahane
554,IPL-2015,Chennai Super Kings,Royal Challengers Bangalore,Chennai Super Kings,"MA Chidambaram Stadium, Chepauk",SK Raina
555,IPL-2015,Kolkata Knight Riders,Sunrisers Hyderabad,Kolkata Knight Riders,Eden Gardens,UT Yadav
556,IPL-2015,Delhi Daredevils,Mumbai Indians,Mumbai Indians,Wankhede Stadium,Harbhajan Singh
557,IPL-2015,Royal Challengers Bangalore,Kings XI Punjab,Royal Challengers Bangalore,M Chinnaswamy Stadium,CH Gayle
558,IPL-2015,Sunrisers Hyderabad,Rajasthan Royals,Sunrisers Hyderabad,Brabourne Stadium,EJG Morgan
559,IPL-2015,Chennai Super Kings,Mumbai Indians,Mumbai Indians,"MA Chidambaram Stadium, Chepauk",HH Pandya
560,IPL-2015,Kings XI Punjab,Kolkata Knight Riders,Kolkata Knight Riders,Eden Gardens,AD Russell
561,IPL-2015,Sunrisers Hyderabad,Delhi Daredevils,Sunrisers Hyderabad,Shaheed Veer Narayan Singh International Stadium,MC Henriques
562,IPL-2015,Royal Challengers Bangalore,Mumbai Indians,Royal Challengers Bangalore,Wankhede Stadium,AB de Villiers
563,IPL-2015,Chennai Super Kings,Rajasthan Royals,Chennai Super Kings,"MA Chidambaram Stadium, Chepauk",RA Jadeja
564,IPL-2015,Sunrisers Hyderabad,Kings XI Punjab,Sunrisers Hyderabad,"Rajiv Gandhi International Stadium, Uppal",DA Warner
565,IPL-2015,Chennai Super Kings,Delhi Daredevils,Delhi Daredevils,Shaheed Veer Narayan Singh International Stadium,Z Khan
566,IPL-2015,Kings XI Punjab,Royal Challengers Bangalore,Kings XI Punjab,"Punjab Cricket Association Stadium, Mohali",AR Patel
567,IPL-2015,Mumbai Indians,Kolkata Knight Riders,Mumbai Indians,Wankhede Stadium,HH Pandya
568,IPL-2015,Sunrisers Hyderabad,Royal Challengers Bangalore,Royal Challengers Bangalore,"Rajiv Gandhi International Stadium, Uppal",V Kohli
569,IPL-2015,Kings XI Punjab,Chennai Super Kings,Chennai Super Kings,"Punjab Cricket Association Stadium, Mohali",P Negi
570,IPL-2015,Rajasthan Royals,Kolkata Knight Riders,Rajasthan Royals,Brabourne Stadium,SR Watson
571,IPL-2015,Delhi Daredevils,Royal Challengers Bangalore,,M Chinnaswamy Stadium,
572,IPL-2015,Sunrisers Hyderabad,Mumbai Indians,Mumbai Indians,"Rajiv Gandhi International Stadium, Uppal",MJ McClenaghan
573,IPL-2015,Mumbai Indians,Chennai Super Kings,Mumbai Indians,Wankhede Stadium,KA Pollard
574,IPL-2015,Royal Challengers Bangalore,Rajasthan Royals,Royal Challengers Bangalore,Maharashtra Cricket Association Stadium,AB de Villiers
575,IPL-2015,Royal Challengers Bangalore,Chennai Super Kings,Chennai Super Kings,JSCA International Stadium Complex,A Nehra
576,IPL-2015,Mumbai Indians,Chennai Super Kings,Mumbai Indians,Eden Gardens,RG Sharma
577,IPL-2016,Mumbai Indians,Rising Pune Supergiants,Rising Pune Supergiants,Wankhede Stadium,AM Rahane
578,IPL-2016,Delhi Daredevils,Kolkata Knight Riders,Kolkata Knight Riders,Eden Gardens,AD Russell
579,IPL-2016,Kings XI Punjab,Gujarat Lions,Gujarat Lions,"Punjab Cricket Association IS Bindra Stadium, Mohali",AJ Finch
580,IPL-2016,Royal Challengers Bangalore,Sunrisers Hyderabad,Royal Challengers Bangalore,M Chinnaswamy Stadium,AB de Villiers
581,IPL-2016,Kolkata Knight Riders,Mumbai Indians,Mumbai Indians,Eden Gardens,RG Sharma
582,IPL-2016,Rising Pune Supergiants,Gujarat Lions,Gujarat Lions,Saurashtra Cricket Association Stadium,AJ Finch
583,IPL-2016,Kings XI Punjab,Delhi Daredevils,Delhi Daredevils,Feroz Shah Kotla,A Mishra
584,IPL-2016,Sunrisers Hyderabad,Kolkata Knight Riders,Kolkata Knight Riders,"Rajiv Gandhi International Stadium, Uppal",G Gambhir
585,IPL-2016,Mumbai Indians,Gujarat Lions,Gujarat Lions,Wankhede Stadium,AJ Finch
586,IPL-2016,Rising Pune Supergiants,Kings XI Punjab,Kings XI Punjab,"Punjab Cricket Association IS Bindra Stadium, Mohali",M Vohra
587,IPL-2016,Royal Challengers Bangalore,Delhi Daredevils,Delhi Daredevils,M Chinnaswamy Stadium,Q de Kock
588,IPL-2016,Mumbai Indians,Sunrisers Hyderabad,Sunrisers Hyderabad,"Rajiv Gandhi International Stadium, Uppal",DA Warner
589,IPL-2016,Kings XI Punjab,Kolkata Knight Riders,Kolkata Knight Riders,"Punjab Cricket Association IS Bindra Stadium, Mohali",RV Uthappa
590,IPL-2016,Royal Challengers Bangalore,Mumbai Indians,Mumbai Indians,Wankhede Stadium,RG Sharma
591,IPL-2016,Gujarat Lions,Sunrisers Hyderabad,Sunrisers Hyderabad,Saurashtra Cricket Association Stadium,B Kumar
592,IPL-2016,Royal Challengers Bangalore,Rising Pune Supergiants,Royal Challengers Bangalore,Maharashtra Cricket Association Stadium,AB de Villiers
593,IPL-2016,Delhi Daredevils,Mumbai Indians,Delhi Daredevils,Feroz Shah Kotla,SV Samson
594,IPL-2016,Kings XI Punjab,Sunrisers Hyderabad,Sunrisers Hyderabad,"Rajiv Gandhi International Stadium, Uppal",Mustafizur Rahman
595,IPL-2016,Royal Challengers Bangalore,Gujarat Lions,Gujarat Lions,Saurashtra Cricket Association Stadium,V Kohli
596,IPL-2016,Rising Pune Supergiants,Kolkata Knight Riders,Kolkata Knight Riders,Maharashtra Cricket Association Stadium,SA Yadav
597,IPL-2016,Mumbai Indians,Kings XI Punjab,Mumbai Indians,"Punjab Cricket Association IS Bindra Stadium, Mohali",PA Patel
598,IPL-2016,Sunrisers Hyderabad,Rising Pune Supergiants,Rising Pune Supergiants,"Rajiv Gandhi International Stadium, Uppal",AB Dinda
599,IPL-2016,Gujarat Lions,Delhi Daredevils,Gujarat Lions,Feroz Shah Kotla,CH Morris
600,IPL-2016,Kolkata Knight Riders,Mumbai Indians,Mumbai Indians,Wankhede Stadium,RG Sharma
601,IPL-2016,Rising Pune Supergiants,Gujarat Lions,Gujarat Lions,Maharashtra Cricket Association Stadium,DR Smith
602,IPL-2016,Delhi Daredevils,Kolkata Knight Riders,Delhi Daredevils,Feroz Shah Kotla,CR Brathwaite
603,IPL-2016,Sunrisers Hyderabad,Royal Challengers Bangalore,Sunrisers Hyderabad,"Rajiv Gandhi International Stadium, Uppal",DA Warner
604,IPL-2016,Kings XI Punjab,Gujarat Lions,Kings XI Punjab,Saurashtra Cricket Association Stadium,AR Patel
605,IPL-2016,Rising Pune Supergiants,Mumbai Indians,Mumbai Indians,Maharashtra Cricket Association Stadium,RG Sharma
606,IPL-2016,Royal Challengers Bangalore,Kolkata Knight Riders,Kolkata Knight Riders,M Chinnaswamy Stadium,AD Russell
607,IPL-2016,Gujarat Lions,Delhi Daredevils,Delhi Daredevils,Saurashtra Cricket Association Stadium,RR Pant
608,IPL-2016,Kolkata Knight Riders,Kings XI Punjab,Kolkata Knight Riders,Eden Gardens,AD Russell
609,IPL-2016,Delhi Daredevils,Rising Pune Supergiants,Rising Pune Supergiants,Feroz Shah Kotla,AM Rahane
610,IPL-2016,Gujarat Lions,Sunrisers Hyderabad,Sunrisers Hyderabad,"Rajiv Gandhi International Stadium, Uppal",B Kumar
611,IPL-2016,Rising Pune Supergiants,Royal Challengers Bangalore,Royal Challengers Bangalore,M Chinnaswamy Stadium,V Kohli
612,IPL-2016,Kings XI Punjab,Delhi Daredevils,Kings XI Punjab,"Punjab Cricket Association IS Bindra Stadium, Mohali",MP Stoinis
613,IPL-2016,Sunrisers Hyderabad,Mumbai Indians,Sunrisers Hyderabad,Dr. Y.S. Rajasekhara Reddy ACA-VDCA Cricket Stadium,A Nehra
614,IPL-2016,Kolkata Knight Riders,Gujarat Lions,Gujarat Lions,Eden Gardens,P Kumar
615,IPL-2016,Royal Challengers Bangalore,Kings XI Punjab,Royal Challengers Bangalore,"Punjab Cricket Association IS Bindra Stadium, Mohali",SR Watson
616,IPL-2016,Sunrisers Hyderabad,Rising Pune Supergiants,Sunrisers Hyderabad,Dr. Y.S. Rajasekhara Reddy ACA-VDCA Cricket Stadium,A Zampa
617,IPL-2016,Royal Challengers Bangalore,Mumbai Indians,Mumbai Indians,M Chinnaswamy Stadium,KH Pandya
618,IPL-2016,Sunrisers Hyderabad,Delhi Daredevils,Delhi Daredevils,"Rajiv Gandhi International Stadium, Uppal",CH Morris
619,IPL-2016,Mumbai Indians,Kings XI Punjab,Kings XI Punjab,Dr. Y.S. Rajasekhara Reddy ACA-VDCA Cricket Stadium,MP Stoinis
620,IPL-2016,Royal Challengers Bangalore,Gujarat Lions,Royal Challengers Bangalore,M Chinnaswamy Stadium,AB de Villiers
621,IPL-2016,Rising Pune Supergiants,Kolkata Knight Riders,Kolkata Knight Riders,Eden Gardens,YK Pathan
622,IPL-2016,Kings XI Punjab,Sunrisers Hyderabad,Sunrisers Hyderabad,"Punjab Cricket Association IS Bindra Stadium, Mohali",HM Amla
623,IPL-2016,Mumbai Indians,Delhi Daredevils,Mumbai Indians,Dr. Y.S. Rajasekhara Reddy ACA-VDCA Cricket Stadium,KH Pandya
624,IPL-2016,Kolkata Knight Riders,Royal Challengers Bangalore,Royal Challengers Bangalore,Eden Gardens,V Kohli
625,IPL-2016,Delhi Daredevils,Rising Pune Supergiants,Rising Pune Supergiants,Dr. Y.S. Rajasekhara Reddy ACA-VDCA Cricket Stadium,AB Dinda
626,IPL-2016,Royal Challengers Bangalore,Kings XI Punjab,Royal Challengers Bangalore,M Chinnaswamy Stadium,V Kohli
627,IPL-2016,Kolkata Knight Riders,Gujarat Lions,Gujarat Lions,Green Park,DR Smith
628,IPL-2016,Sunrisers Hyderabad,Delhi Daredevils,Delhi Daredevils,Shaheed Veer Narayan Singh International Stadium,KK Nair
629,IPL-2016,Kings XI Punjab,Rising Pune Supergiants,Rising Pune Supergiants,Dr. Y.S. Rajasekhara Reddy ACA-VDCA Cricket Stadium,MS Dhoni
630,IPL-2016,Mumbai Indians,Gujarat Lions,Gujarat Lions,Green Park,SK Raina
631,IPL-2016,Kolkata Knight Riders,Sunrisers Hyderabad,Kolkata Knight Riders,Eden Gardens,YK Pathan
632,IPL-2016,Delhi Daredevils,Royal Challengers Bangalore,Royal Challengers Bangalore,Shaheed Veer Narayan Singh International Stadium,V Kohli
633,IPL-2016,Gujarat Lions,Royal Challengers Bangalore,Royal Challengers Bangalore,M Chinnaswamy Stadium,AB de Villiers
634,IPL-2016,Sunrisers Hyderabad,Kolkata Knight Riders,Sunrisers Hyderabad,Feroz Shah Kotla,MC Henriques
635,IPL-2016,Gujarat Lions,Sunrisers Hyderabad,Sunrisers Hyderabad,Feroz Shah Kotla,DA Warner
636,IPL-2016,Sunrisers Hyderabad,Royal Challengers Bangalore,Sunrisers Hyderabad,M Chinnaswamy Stadium,BCJ Cutting
7894,IPL-2018,Mumbai Indians,Chennai Super Kings,Chennai Super Kings,Wankhede Stadium,DJ Bravo
7895,IPL-2018,Delhi Daredevils,Kings XI Punjab,Kings XI Punjab,"Punjab Cricket Association IS Bindra Stadium, Mohali",KL Rahul
7896,IPL-2018,Royal Challengers Bangalore,Kolkata Knight Riders,Kolkata Knight Riders,Eden Gardens,SP Narine
7897,IPL-2018,Rajasthan Royals,Sunrisers Hyderabad,Sunrisers Hyderabad,"Rajiv Gandhi International Stadium, Uppal",S Dhawan
7898,IPL-2018,Kolkata Knight Riders,Chennai Super Kings,Chennai Super Kings,"MA Chidambaram Stadium, Chepauk",SW Billings
7899,IPL-2018,Rajasthan Royals,Delhi Daredevils,Rajasthan Royals,Sawai Mansingh Stadium,SV Samson
7900,IPL-2018,Mumbai Indians,Sunrisers Hyderabad,Sunrisers Hyderabad,"Rajiv Gandhi International Stadium, Uppal",Rashid Khan
7901,IPL-2018,Kings XI Punjab,Royal Challengers Bangalore,Royal Challengers Bangalore,M Chinnaswamy Stadium,UT Yadav
7902,IPL-2018,Mumbai Indians,Delhi Daredevils,Delhi Daredevils,Wankhede Stadium,JJ Roy
7903,IPL-2018,Kolkata Knight Riders,Sunrisers Hyderabad,Sunrisers Hyderabad,Eden Gardens,B Stanlake
7904,IPL-2018,Rajasthan Royals,Royal Challengers Bangalore,Rajasthan Royals,M Chinnaswamy Stadium,SV Samson
7905,IPL-2018,Kings XI Punjab,Chennai Super Kings,Kings XI Punjab,"Punjab Cricket Association IS Bindra Stadium, Mohali",CH Gayle
7906,IPL-2018,Kolkata Knight Riders,Delhi Daredevils,Kolkata Knight Riders,Eden Gardens,N Rana
7907,IPL-2018,Mumbai Indians,Royal Challengers Bangalore,Mumbai Indians,Wankhede Stadium,RG Sharma
7908,IPL-2018,Rajasthan Royals,Kolkata Knight Riders,Kolkata Knight Riders,Sawai Mansingh Stadium,N Rana
7909,IPL-2018,Kings XI Punjab,Sunrisers Hyderabad,Kings XI Punjab,"Punjab Cricket Association IS Bindra Stadium, Mohali",CH Gayle
7910,IPL-2018,Chennai Super Kings,Rajasthan Royals,Chennai Super Kings,Maharashtra Cricket Association Stadium,SR Watson
7911,IPL-2018,Kolkata Knight Riders,Kings XI Punjab,Kings XI Punjab,Eden Gardens,KL Rahul
7912,IPL-2018,Delhi Daredevils,Royal Challengers Bangalore,Royal Challengers Bangalore,M Chinnaswamy Stadium,AB de Villiers
7913,IPL-2018,Chennai Super Kings,Sunrisers Hyderabad,Chennai Super Kings,"Rajiv Gandhi International Stadium, Uppal",AT Rayudu
7914,IPL-2018,Mumbai Indians,Rajasthan Royals,Rajasthan Royals,Sawai Mansingh Stadium,J Archer
7915,IPL-2018,Kings XI Punjab,Delhi Daredevils,Kings XI Punjab,Feroz Shah Kotla,AS Rajpoot
7916,IPL-2018,Sunrisers Hyderabad,Mumbai Indians,Sunrisers Hyderabad,Wankhede Stadium,Rashid Khan
7917,IPL-2018,Royal Challengers Bangalore,Chennai Super Kings,Chennai Super Kings,M Chinnaswamy Stadium,MS Dhoni
7918,IPL-2018,Sunrisers Hyderabad,Kings XI Punjab,Sunrisers Hyderabad,"Rajiv Gandhi International Stadium, Uppal",AS Rajpoot
7919,IPL-2018,Delhi Daredevils,Kolkata Knight Riders,Delhi Daredevils,Feroz Shah Kotla,SS Iyer
7920,IPL-2018,Chennai Super Kings,Mumbai Indians,Mumbai Indians,Maharashtra Cricket Association Stadium,RG Sharma
7921,IPL-2018,Sunrisers Hyderabad,Rajasthan Royals,Sunrisers Hyderabad,Sawai Mansingh Stadium,KS Williamson
7922,IPL-2018,Royal Challengers Bangalore,Kolkata Knight Riders,Kolkata Knight Riders,M Chinnaswamy Stadium,CA Lynn
7923,IPL-2018,Chennai Super Kings,Delhi Daredevils,Chennai Super Kings,Maharashtra Cricket Association Stadium,SR Watson
7924,IPL-2018,Royal Challengers Bangalore,Mumbai Indians,Royal Challengers Bangalore,M Chinnaswamy Stadium,TG Southee
7925,IPL-2018,Delhi Daredevils,Rajasthan Royals,Delhi Daredevils,Feroz Shah Kotla,RR Pant
7926,IPL-2018,Chennai Super Kings,Kolkata Knight Riders,Kolkata Knight Riders,Eden Gardens,SP Narine
7927,IPL-2018,Kings XI Punjab,Mumbai Indians,Mumbai Indians,Holkar Cricket Stadium,AS Yadav
7928,IPL-2018,Royal Challengers Bangalore,Chennai Super Kings,Chennai Super Kings,Maharashtra Cricket Association Stadium,RA Jadeja
7929,IPL-2018,Delhi Daredevils,Sunrisers Hyderabad,Sunrisers Hyderabad,"Rajiv Gandhi International Stadium, Uppal",Rashid Khan
7930,IPL-2018,Mumbai Indians,Kolkata Knight Riders,Mumbai Indians,Wankhede Stadium,HH Pandya
7931,IPL-2018,Rajasthan Royals,Kings XI Punjab,Kings XI Punjab,Holkar Cricket Stadium,M Ur Rahman
7932,IPL-2018,Sunrisers Hyderabad,Royal Challengers Bangalore,Sunrisers Hyderabad,"Rajiv Gandhi International Stadium, Uppal",KS Williamson
7933,IPL-2018,Rajasthan Royals,Kings XI Punjab,Rajasthan Royals,Sawai Mansingh Stadium,JC Buttler
7934,IPL-2018,Mumbai Indians,Kolkata Knight Riders,Mumbai Indians,Eden Gardens,Ishan Kishan
7935,IPL-2018,Delhi Daredevils,Sunrisers Hyderabad,Sunrisers Hyderabad,Feroz Shah Kotla,S Dhawan
7936,IPL-2018,Chennai Super Kings,Rajasthan Royals,Rajasthan Royals,Sawai Mansingh Stadium,JC Buttler
7937,IPL-2018,Kolkata Knight Riders,Kings XI Punjab,Kolkata Knight Riders,Holkar Cricket Stadium,SP Narine
7938,IPL-2018,Delhi Daredevils,Royal Challengers Bangalore,Royal Challengers Bangalore,Feroz Shah Kotla,AB de Villiers
7939,IPL-2018,Sunrisers Hyderabad,Chennai Super Kings,Chennai Super Kings,Maharashtra Cricket Association Stadium,AT Rayudu
7940,IPL-2018,Mumbai Indians,Rajasthan Royals,Rajasthan Royals,Wankhede Stadium,JC Buttler
7941,IPL-2018,Kings XI Punjab,Royal Challengers Bangalore,Royal Challengers Bangalore,Holkar Cricket Stadium,UT Yadav
7942,IPL-2018,Rajasthan Royals,Kolkata Knight Riders,Kolkata Knight Riders,Eden Gardens,Kuldeep Yadav
7943,IPL-2018,Mumbai Indians,Kings XI Punjab,Mumbai Indians,Wankhede Stadium,JJ Bumrah
7944,IPL-2018,Royal Challengers Bangalore,Sunrisers Hyderabad,Royal Challengers Bangalore,M Chinnaswamy Stadium,AB de Villiers
7945,IPL-2018,Delhi Daredevils,Chennai Super Kings,Delhi Daredevils,Feroz Shah Kotla,HV Patel
7946,IPL-2018,Rajasthan Royals,Royal Challengers Bangalore,Rajasthan Royals,Sawai Mansingh Stadium,S Gopal
7947,IPL-2018,Sunrisers Hyderabad,Kolkata Knight Riders,Kolkata Knight Riders,"Rajiv Gandhi International Stadium, Uppal",CA Lynn
7948,IPL-2018,Delhi Daredevils,Mumbai Indians,Delhi Daredevils,Feroz Shah Kotla,A Mishra
7949,IPL-2018,Kings XI Punjab,Chennai Super Kings,Chennai Super Kings,Maharashtra Cricket Association Stadium,L Ngidi
7950,IPL-2018,Sunrisers Hyderabad,Chennai Super Kings,Chennai Super Kings,Wankhede Stadium,F du Plessis
7951,IPL-2018,Kolkata Knight Riders,Rajasthan Royals,Kolkata Knight Riders,Eden Gardens,AD Russell
7952,IPL-2018,Sunrisers Hyderabad,Kolkata Knight Riders,Sunrisers Hyderabad,Eden Gardens,Rashid Khan
7953,IPL-2018,Sunrisers Hyderabad,Chennai Super Kings,Chennai Super Kings,Wankhede Stadium,SR Watson
11137,IPL-2019,Royal Challengers Bangalore,Chennai Super Kings,Chennai Super Kings,M. A. Chidambaram Stadium,Harbhajan Singh
11138,IPL-2019,Sunrisers Hyderabad,Kolkata Knight Riders,Kolkata Knight Riders,Eden Gardens,AD Russell
11139,IPL-2019,Delhi Capitals,Mumbai Indians,Delhi Capitals,Wankhede Stadium,RR Pant
11140,IPL-2019,Kings XI Punjab,Rajasthan Royals,Kings XI Punjab,Sawai Mansingh Stadium,CH Gayle
11141,IPL-2019,Delhi Capitals,Chennai Super Kings,Chennai Super Kings,Feroz Shah Kotla Ground,SR Watson
11142,IPL-2019,Kolkata Knight Riders,Kings XI Punjab,Kolkata Knight Riders,Eden Gardens,AD Russell
11143,IPL-2019,Mumbai Indians,Royal Challengers Bangalore,Mumbai Indians,M. Chinnaswamy Stadium,JJ Bumrah
11144,IPL-2019,Rajasthan Royals,Sunrisers Hyderabad,Sunrisers Hyderabad,Rajiv Gandhi Intl. Cricket Stadium,Rashid Khan
11145,IPL-2019,Mumbai Indians,Kings XI Punjab,Kings XI Punjab,IS Bindra Stadium,MA Agarwal
11146,IPL-2019,Kolkata Knight Riders,Delhi Capitals,Delhi Capitals,Feroz Shah Kotla Ground,P Shaw
11147,IPL-2019,Sunrisers Hyderabad,Royal Challengers Bangalore,Sunrisers Hyderabad,Rajiv Gandhi Intl. Cricket Stadium,J Bairstow
11148,IPL-2019,Chennai Super Kings,Rajasthan Royals,Chennai Super Kings,M. A. Chidambaram Stadium,MS Dhoni
11149,IPL-2019,Kings XI Punjab,Delhi Capitals,Kings XI Punjab,IS Bindra Stadium,S Curran
11150,IPL-2019,Royal Challengers Bangalore,Rajasthan Royals,Rajasthan Royals,Sawai Mansingh Stadium,S Gopal
11151,IPL-2019,Mumbai Indians,Chennai Super Kings,Mumbai Indians,Wankhede Stadium,HH Pandya
11152,IPL-2019,Delhi Capitals,Sunrisers Hyderabad,Sunrisers Hyderabad,Feroz Shah Kotla Ground,J Bairstow
11153,IPL-2019,Royal Challengers Bangalore,Kolkata Knight Riders,Kolkata Knight Riders,M. Chinnaswamy Stadium,AD Russell
11309,IPL-2019,Chennai Super Kings,Kings XI Punjab,Chennai Super Kings,M. A. Chidambaram Stadium,Harbhajan Singh
11310,IPL-2019,Mumbai Indians,Sunrisers Hyderabad,Mumbai Indians,Rajiv Gandhi Intl. Cricket Stadium,A Joseph
11311,IPL-2019,Royal Challengers Bangalore,Delhi Capitals,Delhi Capitals,M. Chinnaswamy Stadium,K Rabada
11312,IPL-2019,Rajasthan Royals,Kolkata Knight Riders,Kolkata Knight Riders,Sawai Mansingh Stadium,H Gurney
11313,IPL-2019,Sunrisers Hyderabad,Kings XI Punjab,Kings XI Punjab,IS Bindra Stadium,KL Rahul
11314,IPL-2019,Kolkata Knight Riders,Chennai Super Kings,Chennai Super Kings,M. A. Chidambaram Stadium,DL Chahar
11315,IPL-2019,Kings XI Punjab,Mumbai Indians,Mumbai Indians,Wankhede Stadium,KA Pollard
11316,IPL-2019,Rajasthan Royals,Chennai Super Kings,Chennai Super Kings,Sawai Mansingh Stadium,MS Dhoni
11317,IPL-2019,Kolkata Knight Riders,Delhi Capitals,Delhi Capitals,Eden Gardens,S Dhawan
11318,IPL-2019,Mumbai Indians,Rajasthan Royals,Rajasthan Royals,Wankhede Stadium,JC Buttler
11319,IPL-2019,Kings XI Punjab,Royal Challengers Bangalore,Royal Challengers Bangalore,IS Bindra Stadium,AB de Villiers
11320,IPL-2019,Kolkata Knight Riders,Chennai Super Kings,Chennai Super Kings,Eden Gardens,Imran Tahir
11321,IPL-2019,Delhi Capitals,Sunrisers Hyderabad,Delhi Capitals,Rajiv Gandhi Intl. Cricket Stadium,K Paul
11322,IPL-2019,Royal Challengers Bangalore,Mumbai Indians,Mumbai Indians,Wankhede Stadium,SL Malinga
11323,IPL-2019,Kings XI Punjab,Rajasthan Royals,Kings XI Punjab,IS Bindra Stadium,R Ashwin
11324,IPL-2019,Chennai Super Kings,Sunrisers Hyderabad,Sunrisers Hyderabad,Rajiv Gandhi Intl. Cricket Stadium,DA Warner
11325,IPL-2019,Mumbai Indians,Delhi Capitals,Mumbai Indians,Feroz Shah Kotla Ground,HH Pandya
11326,IPL-2019,Royal Challengers Bangalore,Kolkata Knight Riders,Royal Challengers Bangalore,Eden Gardens,V Kohli
11327,IPL-2019,Mumbai Indians,Rajasthan Royals,Rajasthan Royals,Sawai Mansingh Stadium,SPD Smith
11328,IPL-2019,Kings XI Punjab,Delhi Capitals,Delhi Capitals,Feroz Shah Kotla Ground,SS Iyer
11329,IPL-2019,Kolkata Knight Riders,Sunrisers Hyderabad,Sunrisers Hyderabad,Rajiv Gandhi Intl. Cricket Stadium,K Ahmed
11330,IPL-2019,Royal Challengers Bangalore,Chennai Super Kings,Royal Challengers Bangalore,M. Chinnaswamy Stadium,PA Patel
11331,IPL-2019,Rajasthan Royals,Delhi Capitals,Delhi Capitals,Sawai Mansingh Stadium,RR Pant
11332,IPL-2019,Sunrisers Hyderabad,Chennai Super Kings,Chennai Super Kings,M. A. Chidambaram Stadium,SR Watson
11333,IPL-2019,Royal Challengers Bangalore,Kings XI Punjab,Royal Challengers Bangalore,M. Chinnaswamy Stadium,AB de Villiers
11334,IPL-2019,Kolkata Knight Riders,Rajasthan Royals,Rajasthan Royals,Eden Gardens,VR Aaron
11335,IPL-2019,Mumbai Indians,Chennai Super Kings,Mumbai Indians,M. A. Chidambaram Stadium,RG Sharma
11336,IPL-2019,Sunrisers Hyderabad,Rajasthan Royals,Rajasthan Royals,Sawai Mansingh Stadium,JD Unadkat
11337,IPL-2019,Delhi Capitals,Royal Challengers Bangalore,Delhi Capitals,Feroz Shah Kotla Ground,S Dhawan
11338,IPL-2019,Kolkata Knight Riders,Mumbai Indians,Kolkata Knight Riders,Eden Gardens,AD Russell
11339,IPL-2019,Sunrisers Hyderabad,Kings XI Punjab,Sunrisers Hyderabad,Rajiv Gandhi Intl. Cricket Stadium,DA Warner
11340,IPL-2019,Royal Challengers Bangalore,Rajasthan Royals,,M. Chinnaswamy Stadium,
11341,IPL-2019,Chennai Super Kings,Delhi Capitals,Chennai Super Kings,M. A. Chidambaram Stadium,MS Dhoni
11342,IPL-2019,Mumbai Indians,Sunrisers Hyderabad,Mumbai Indians,Wankhede Stadium,JJ Bumrah
11343,IPL-2019,Kings XI Punjab,Kolkata Knight Riders,Kolkata Knight Riders,IS Bindra Stadium,S Gill
11344,IPL-2019,Rajasthan Royals,Delhi Capitals,Delhi Capitals,Feroz Shah Kotla Ground,A Mishra
11345,IPL-2019,Sunrisers Hyderabad,Royal Challengers Bangalore,Royal Challengers Bangalore,M. Chinnaswamy Stadium,S Hetmyer
11346,IPL-2019,Chennai Super Kings,Kings XI Punjab,Kings XI Punjab,IS Bindra Stadium,KL Rahul
11347,IPL-2019,Kolkata Knight Riders,Mumbai Indians,Mumbai Indians,Wankhede Stadium,HH Pandya
11412,IPL-2019,Chennai Super Kings,Mumbai Indians,Mumbai Indians,M. A. Chidambaram Stadium,AS Yadav
11413,IPL-2019,Sunrisers Hyderabad,Delhi Capitals,Delhi Capitals,ACA-VDCA Stadium,RR Pant
11414,IPL-2019,Delhi Capitals,Chennai Super Kings,Chennai Super Kings,ACA-VDCA Stadium,F du Plessis
11415,IPL-2019,Mumbai Indians,Chennai Super Kings,Mumbai Indians,Rajiv Gandhi Intl. Cricket Stadium,JJ Bumrah
